"CN","SRV_CN","CTY_CN","PREV_PLT_CN","INVYR","STATECD","UNITCD","COUNTYCD","PLOT","PLOT_STATUS_CD","PLOT_NONSAMPLE_REASN_CD","MEASYEAR","MEASMON","MEASDAY","REMPER","KINDCD","DESIGNCD","RDDISTCD","WATERCD","LAT","LON","ELEV","GROW_TYP_CD","MORT_TYP_CD","P2PANEL","P3PANEL","ECOSUBCD","CONGCD","MANUAL","SUBPANEL","KINDCD_NC","QA_STATUS","CREATED_BY","CREATED_DATE","CREATED_IN_INSTANCE","MODIFIED_BY","MODIFIED_DATE","MODIFIED_IN_INSTANCE","MICROPLOT_LOC","DECLINATION","EMAP_HEX","SAMP_METHOD_CD","SUBP_EXAMINE_CD","MACRO_BREAKPOINT_DIA","INTENSITY","CYCLE","SUBCYCLE","ECO_UNIT_PNW","TOPO_POSITION_PNW","NF_SAMPLING_STATUS_CD","NF_PLOT_STATUS_CD","NF_PLOT_NONSAMPLE_REASN_CD","P2VEG_SAMPLING_STATUS_CD","P2VEG_SAMPLING_LEVEL_DETAIL_CD","INVASIVE_SAMPLING_STATUS_CD","INVASIVE_SPECIMEN_RULE_CD","DESIGNCD_P2A"
"195829181020004","170083046020004","14424023000440","",2001,60,1,10,1001,1,,2001,6,19,,1,1,1,0,-14.291351,-170.729245,300,,,1,,"",,1.7,1,,1,"",2013-08-23,"20004","",2015-01-14,"489998","OFFSET",12,,1,4,,"9",2,1,"","",,,,,,,,
"195829211020004","170083046020004","14424023000440","",2001,60,1,10,1002,2,,2001,5,1,,1,1,,0,-14.275058,-170.700988,100,,,1,,"",,1.7,1,,1,"",2013-07-25,"20004","",2015-01-14,"489998","OFFSET",12,,1,1,,"8",2,1,"","",,,,,,,,
"195829210020004","170083046020004","14424023000440","",2001,60,1,10,1003,1,,2001,9,12,,1,1,5,9,-14.306996,-170.704073,300,,,1,,"",,1.7,1,,1,"",2013-07-25,"20004","",2015-01-14,"489998","OFFSET",12,,1,4,,"7",2,1,"","",,,,,,,,
"195829173020004","170083046020004","14424023000440","",2001,60,1,10,1004,2,,2001,6,25,,1,1,,,-14.330315,-170.696813,0,,,1,,"",,1.7,1,,1,"",2013-07-25,"20004","",2015-01-14,"489998","OFFSET",12,,1,1,,"10",2,1,"","",,,,,,,,
"195829203020004","170083046020004","14424023000440","",2001,60,1,10,1005,3,2,2001,6,25,,1,1,,,-14.256022,-170.683193,1100,,,1,,"",,1.7,1,,1,"",2014-01-06,"20004","",2015-01-14,"489998","OFFSET",12,,1,1,,"9",2,1,"","",,,,,,,,
"195829182020004","170083046020004","14424023000440","",2001,60,1,10,1006,1,,2001,6,4,,1,1,1,0,-14.283876,-170.677137,300,,,1,,"",,1.7,1,,1,"",2013-07-25,"20004","",2015-01-14,"489998","OFFSET",12,,1,4,,"9",2,1,"","",,,,,,,,
"195829200020004","170083046020004","14424023000440","",2001,60,1,10,1007,1,,2001,6,7,,1,1,5,4,-14.269756,-170.663104,500,,,1,,"",,1.7,1,,1,"",2013-08-23,"20004","",2015-01-14,"489998","OFFSET",12,,1,4,,"8",2,1,"","",,,,,,,,
"195829212020004","170083046020004","14424023000440","",2001,60,1,10,1008,1,,2001,6,14,,1,1,4,0,-14.250703,-170.631415,500,,,1,,"",,1.7,1,,1,"",2013-07-25,"20004","",2015-01-14,"489998","OFFSET",12,,1,4,,"9",2,1,"","",,,,,,,,
"195829201020004","170083046020004","14424023000440","",2001,60,1,10,1010,1,,2001,6,13,,1,1,2,1,-14.263174,-170.607083,300,,,1,,"",,1.7,1,,1,"",2013-07-25,"20004","",2015-01-14,"489998","OFFSET",12,,1,4,,"8",2,1,"","",,,,,,,,
"195829198020004","170083046020004","14424023000440","",2001,60,1,10,1012,1,,2001,6,6,,1,1,1,0,-14.282381,-170.552534,100,,,1,,"",,1.7,1,,1,"",2013-08-23,"20004","",2015-01-14,"489998","OFFSET",12,,1,4,,"9",2,1,"","",,,,,,,,
"195829213020004","170083046020004","14424023000440","",2001,60,1,10,1013,1,,2001,5,24,,1,1,1,6,-14.320009,-170.698074,0,,,1,,"",,1.7,1,,1,"",2013-08-23,"20004","",2015-01-14,"489998","OFFSET",12,,1,4,,"10",2,1,"","",,,,,,,,
"291823533489998","170083046020004","14424023000440","",2001,60,1,10,6014,2,,2001,9,1,,1,1,,,-14.219989,-170.71707,0,,,1,,"",,1.7,1,,1,"",2014-12-03,"489998","",2015-01-14,"489998","OFFSET",,,2,1,,"3",2,1,"","",,,,,,,,
"291823499489998","170083046020004","14424023000440","",2001,60,1,10,6017,2,,2001,9,1,,1,1,,,-14.309947,-170.692725,0,,,1,,"",,1.7,1,,1,"",2014-12-03,"489998","",2015-01-14,"489998","OFFSET",,,2,1,,"2",2,1,"","",,,,,,,,
"291823531489998","170083046020004","14424023000440","",2001,60,1,10,6027,2,,2001,9,1,,1,1,,,-14.35473,-170.679539,0,,,1,,"",,1.7,1,,1,"",2014-12-03,"489998","",2015-01-14,"489998","OFFSET",,,2,1,,"3",2,1,"","",,,,,,,,
"291823493489998","170083046020004","14424023000440","",2001,60,1,10,6028,2,,2001,9,1,,1,1,,,-14.295605,-170.673961,0,,,1,,"",,1.7,1,,1,"",2014-12-03,"489998","",2015-01-14,"489998","OFFSET",,,2,1,,"1",2,1,"","",,,,,,,,
"291823528489998","170083046020004","14424023000440","",2001,60,1,10,6030,2,,2001,9,1,,1,1,,,-14.331739,-170.622599,0,,,1,,"",,1.7,1,,1,"",2014-12-03,"489998","",2015-01-14,"489998","OFFSET",,,2,1,,"3",2,1,"","",,,,,,,,
"291823496489998","170083046020004","14424023000440","",2001,60,1,10,6040,2,,2001,9,1,,1,1,,,-14.310332,-170.520339,0,,,1,,"",,1.7,1,,1,"",2014-12-03,"489998","",2015-01-14,"489998","OFFSET",,,2,1,,"1",2,1,"","",,,,,,,,
"291823512489998","170083046020004","14424023000440","",2001,60,1,10,6043,2,,2001,9,1,,1,1,,,-14.322143,-170.509184,0,,,1,,"",,1.7,1,,1,"",2014-12-03,"489998","",2015-01-14,"489998","OFFSET",,,2,1,,"2",2,1,"","",,,,,,,,
"291823530489998","170083046020004","14424023000440","",2001,60,1,10,6051,2,,2001,9,1,,1,1,,,-14.217732,-170.582017,0,,,1,,"",,1.7,1,,1,"",2014-12-03,"489998","",2015-01-14,"489998","OFFSET",,,2,1,,"3",2,1,"","",,,,,,,,
"291823501489998","170083046020004","14424023000440","",2001,60,1,10,6056,2,,2001,9,1,,1,1,,,-14.291994,-170.541014,0,,,1,,"",,1.7,1,,1,"",2014-12-03,"489998","",2015-01-14,"489998","OFFSET",,,2,1,,"2",2,1,"","",,,,,,,,
"291823522489998","170083046020004","14424023000440","",2001,60,1,10,6061,2,,2001,9,1,,1,1,,,-14.2891,-170.512593,0,,,1,,"",,1.7,1,,1,"",2014-12-03,"489998","",2015-01-14,"489998","OFFSET",,,2,1,,"3",2,1,"","",,,,,,,,
"291823532489998","170083046020004","14424023000440","",2001,60,1,10,6068,2,,2001,9,1,,1,1,,,-14.206831,-170.584984,0,,,1,,"",,1.7,1,,1,"",2014-12-03,"489998","",2015-01-14,"489998","OFFSET",,,2,1,,"3",2,1,"","",,,,,,,,
"291823515489998","170083046020004","14424023000440","",2001,60,1,10,6071,2,,2001,9,1,,1,1,,,-14.303689,-170.592523,0,,,1,,"",,1.7,1,,1,"",2014-12-03,"489998","",2015-01-14,"489998","OFFSET",,,2,1,,"2",2,1,"","",,,,,,,,
"291823498489998","170083046020004","14424023000440","",2001,60,1,10,6083,2,,2001,9,1,,1,1,,,-14.306137,-170.615137,0,,,1,,"",,1.7,1,,1,"",2014-12-03,"489998","",2015-01-14,"489998","OFFSET",,,2,1,,"1",2,1,"","",,,,,,,,
"291823486489998","170083046020004","14424023000440","",2001,60,1,10,6086,2,,2001,9,1,,1,1,,,-14.247709,-170.612708,0,,,1,,"",,1.7,1,,1,"",2014-12-03,"489998","",2015-01-14,"489998","OFFSET",,,2,1,,"2",2,1,"","",,,,,,,,
"291823523489998","170083046020004","14424023000440","",2001,60,1,10,6098,2,,2001,9,1,,1,1,,,-14.194686,-170.679281,0,,,1,,"",,1.7,1,,1,"",2014-12-03,"489998","",2015-01-14,"489998","OFFSET",,,2,1,,"1",2,1,"","",,,,,,,,
"291823510489998","170083046020004","14424023000440","",2001,60,1,10,6100,2,,2001,9,1,,1,1,,,-14.233601,-170.685529,0,,,1,,"",,1.7,1,,1,"",2014-12-03,"489998","",2015-01-14,"489998","OFFSET",,,2,1,,"2",2,1,"","",,,,,,,,
"291823488489998","170083046020004","14424023000440","",2001,60,1,10,6103,2,,2001,9,1,,1,1,,,-14.205046,-170.706363,0,,,1,,"",,1.7,1,,1,"",2014-12-03,"489998","",2015-01-14,"489998","OFFSET",,,2,1,,"1",2,1,"","",,,,,,,,
"291823500489998","170083046020004","14424023000440","",2001,60,1,10,6104,2,,2001,9,1,,1,1,,,-14.236899,-170.734569,0,,,1,,"",,1.7,1,,1,"",2014-12-03,"489998","",2015-01-14,"489998","OFFSET",,,2,1,,"1",2,1,"","",,,,,,,,
"291823504489998","170083046020004","14424023000440","",2001,60,1,10,6138,2,,2001,9,1,,1,1,,,-14.280659,-170.757215,0,,,1,,"",,1.7,1,,1,"",2014-12-03,"489998","",2015-01-14,"489998","OFFSET",,,2,1,,"3",2,1,"","",,,,,,,,
"291823497489998","170083046020004","14424023000440","",2001,60,1,10,6148,2,,2001,9,1,,1,1,,,-14.23878,-170.665535,0,,,1,,"",,1.7,1,,1,"",2014-12-03,"489998","",2015-01-14,"489998","OFFSET",,,2,1,,"1",2,1,"","",,,,,,,,
"291823503489998","170083046020004","14424023000440","",2001,60,1,10,6176,2,,2001,9,1,,1,1,,,-14.200697,-170.64041,0,,,1,,"",,1.7,1,,1,"",2014-12-03,"489998","",2015-01-14,"489998","OFFSET",,,2,1,,"3",2,1,"","",,,,,,,,
"291823517489998","170083046020004","14424023000440","",2001,60,1,10,6193,2,,2001,9,1,,1,1,,,-14.281268,-170.512815,0,,,1,,"",,1.7,1,,1,"",2014-12-03,"489998","",2015-01-14,"489998","OFFSET",,,2,1,,"1",2,1,"","",,,,,,,,
"291823487489998","170083046020004","14424023000440","",2001,60,1,10,6233,2,,2001,9,1,,1,1,,,-14.298369,-170.543016,0,,,1,,"",,1.7,1,,1,"",2014-12-03,"489998","",2015-01-14,"489998","OFFSET",,,2,1,,"1",2,1,"","",,,,,,,,
"291823534489998","170083046020004","14424023000440","",2001,60,1,10,6243,2,,2001,9,1,,1,1,,,-14.193084,-170.649378,0,,,1,,"",,1.7,1,,1,"",2014-12-03,"489998","",2015-01-14,"489998","OFFSET",,,2,1,,"2",2,1,"","",,,,,,,,
"291823527489998","170083046020004","14424023000440","",2001,60,1,10,6244,2,,2001,9,1,,1,1,,,-14.270581,-170.53314,0,,,1,,"",,1.7,1,,1,"",2014-12-03,"489998","",2015-01-14,"489998","OFFSET",,,2,1,,"3",2,1,"","",,,,,,,,
"291823502489998","170083046020004","14424023000440","",2001,60,1,10,6253,2,,2001,9,1,,1,1,,,-14.266981,-170.748088,0,,,1,,"",,1.7,1,,1,"",2014-12-03,"489998","",2015-01-14,"489998","OFFSET",,,2,1,,"2",2,1,"","",,,,,,,,
"291823525489998","170083046020004","14424023000440","",2001,60,1,10,6264,2,,2001,9,1,,1,1,,,-14.308295,-170.532258,0,,,1,,"",,1.7,1,,1,"",2014-12-03,"489998","",2015-01-14,"489998","OFFSET",,,2,1,,"3",2,1,"","",,,,,,,,
"291823514489998","170083046020004","14424023000440","",2001,60,1,10,6267,2,,2001,9,1,,1,1,,,-14.330061,-170.556939,0,,,1,,"",,1.7,1,,1,"",2014-12-03,"489998","",2015-01-14,"489998","OFFSET",,,2,1,,"3",2,1,"","",,,,,,,,
"291823513489998","170083046020004","14424023000440","",2001,60,1,10,6271,2,,2001,9,1,,1,1,,,-14.22559,-170.727517,0,,,1,,"",,1.7,1,,1,"",2014-12-03,"489998","",2015-01-14,"489998","OFFSET",,,2,1,,"2",2,1,"","",,,,,,,,
"291823507489998","170083046020004","14424023000440","",2001,60,1,10,6276,2,,2001,9,1,,1,1,,,-14.216363,-170.60679,0,,,1,,"",,1.7,1,,1,"",2014-12-03,"489998","",2015-01-14,"489998","OFFSET",,,2,1,,"3",2,1,"","",,,,,,,,
"291823505489998","170083046020004","14424023000440","",2001,60,1,10,6286,2,,2001,9,1,,1,1,,,-14.231231,-170.524304,0,,,1,,"",,1.7,1,,1,"",2014-12-03,"489998","",2015-01-14,"489998","OFFSET",,,2,1,,"1",2,1,"","",,,,,,,,
"291823529489998","170083046020004","14424023000440","",2001,60,1,10,6295,2,,2001,9,1,,1,1,,,-14.233705,-170.599325,0,,,1,,"",,1.7,1,,1,"",2014-12-03,"489998","",2015-01-14,"489998","OFFSET",,,2,1,,"2",2,1,"","",,,,,,,,
"291823524489998","170083046020004","14424023000440","",2001,60,1,10,6298,2,,2001,9,1,,1,1,,,-14.244738,-170.553166,0,,,1,,"",,1.7,1,,1,"",2014-12-03,"489998","",2015-01-14,"489998","OFFSET",,,2,1,,"3",2,1,"","",,,,,,,,
"291823491489998","170083046020004","14424023000440","",2001,60,1,10,6300,2,,2001,9,1,,1,1,,,-14.319222,-170.628687,0,,,1,,"",,1.7,1,,1,"",2014-12-03,"489998","",2015-01-14,"489998","OFFSET",,,2,1,,"1",2,1,"","",,,,,,,,
"291823508489998","170083046020004","14424023000440","",2001,60,1,10,6306,2,,2001,9,1,,1,1,,,-14.218773,-170.57649,0,,,1,,"",,1.7,1,,1,"",2014-12-03,"489998","",2015-01-14,"489998","OFFSET",,,2,1,,"1",2,1,"","",,,,,,,,
"291823483489998","170083046020004","14424023000440","",2001,60,1,10,6324,2,,2001,9,1,,1,1,,,-14.213917,-170.613221,0,,,1,,"",,1.7,1,,1,"",2014-12-03,"489998","",2015-01-14,"489998","OFFSET",,,2,1,,"1",2,1,"","",,,,,,,,
"291823516489998","170083046020004","14424023000440","",2001,60,1,10,6343,2,,2001,9,1,,1,1,,,-14.184534,-170.639608,0,,,1,,"",,1.7,1,,1,"",2014-12-03,"489998","",2015-01-14,"489998","OFFSET",,,2,1,,"1",2,1,"","",,,,,,,,
"291823492489998","170083046020004","14424023000440","",2001,60,1,10,6365,2,,2001,9,1,,1,1,,,-14.225007,-170.669513,0,,,1,,"",,1.7,1,,1,"",2014-12-03,"489998","",2015-01-14,"489998","OFFSET",,,2,1,,"2",2,1,"","",,,,,,,,
"291823526489998","170083046020004","14424023000440","",2001,60,1,10,6369,2,,2001,9,1,,1,1,,,-14.199486,-170.560765,0,,,1,,"",,1.7,1,,1,"",2014-12-03,"489998","",2015-01-14,"489998","OFFSET",,,2,1,,"2",2,1,"","",,,,,,,,
"291823495489998","170083046020004","14424023000440","",2001,60,1,10,6377,2,,2001,9,1,,1,1,,,-14.311647,-170.588802,0,,,1,,"",,1.7,1,,1,"",2014-12-03,"489998","",2015-01-14,"489998","OFFSET",,,2,1,,"2",2,1,"","",,,,,,,,
"291823490489998","170083046020004","14424023000440","",2001,60,1,10,6381,2,,2001,9,1,,1,1,,,-14.34117,-170.656303,0,,,1,,"",,1.7,1,,1,"",2014-12-03,"489998","",2015-01-14,"489998","OFFSET",,,2,1,,"1",2,1,"","",,,,,,,,
"291823518489998","170083046020004","14424023000440","",2001,60,1,10,6383,2,,2001,9,1,,1,1,,,-14.247548,-170.69386,0,,,1,,"",,1.7,1,,1,"",2014-12-03,"489998","",2015-01-14,"489998","OFFSET",,,2,1,,"3",2,1,"","",,,,,,,,
"291823494489998","170083046020004","14424023000440","",2001,60,1,10,6394,2,,2001,9,1,,1,1,,,-14.225869,-170.622326,0,,,1,,"",,1.7,1,,1,"",2014-12-03,"489998","",2015-01-14,"489998","OFFSET",,,2,1,,"2",2,1,"","",,,,,,,,
"291823481489998","170083046020004","14424023000440","",2001,60,1,10,6402,2,,2001,9,1,,1,1,,,-14.212508,-170.650671,0,,,1,,"",,1.7,1,,1,"",2014-12-03,"489998","",2015-01-14,"489998","OFFSET",,,2,1,,"1",2,1,"","",,,,,,,,
"291823509489998","170083046020004","14424023000440","",2001,60,1,10,6406,2,,2001,9,1,,1,1,,,-14.339515,-170.666642,0,,,1,,"",,1.7,1,,1,"",2014-12-03,"489998","",2015-01-14,"489998","OFFSET",,,2,1,,"2",2,1,"","",,,,,,,,
"291823484489998","170083046020004","14424023000440","",2001,60,1,10,6407,2,,2001,9,1,,1,1,,,-14.271045,-170.769636,0,,,1,,"",,1.7,1,,1,"",2014-12-03,"489998","",2015-01-14,"489998","OFFSET",,,2,1,,"2",2,1,"","",,,,,,,,
"291823519489998","170083046020004","14424023000440","",2001,60,1,10,6421,2,,2001,9,1,,1,1,,,-14.320632,-170.616969,0,,,1,,"",,1.7,1,,1,"",2014-12-03,"489998","",2015-01-14,"489998","OFFSET",,,2,1,,"2",2,1,"","",,,,,,,,
"291823521489998","170083046020004","14424023000440","",2001,60,1,10,6424,2,,2001,9,1,,1,1,,,-14.246729,-170.541053,0,,,1,,"",,1.7,1,,1,"",2014-12-03,"489998","",2015-01-14,"489998","OFFSET",,,2,1,,"2",2,1,"","",,,,,,,,
"291823485489998","170083046020004","14424023000440","",2001,60,1,10,6433,2,,2001,9,1,,1,1,,,-14.242738,-170.641124,0,,,1,,"",,1.7,1,,1,"",2014-12-03,"489998","",2015-01-14,"489998","OFFSET",,,2,1,,"1",2,1,"","",,,,,,,,
"291823520489998","170083046020004","14424023000440","",2001,60,1,10,6435,2,,2001,9,1,,1,1,,,-14.299742,-170.498095,0,,,1,,"",,1.7,1,,1,"",2014-12-03,"489998","",2015-01-14,"489998","OFFSET",,,2,1,,"2",2,1,"","",,,,,,,,
"291823489489998","170083046020004","14424023000440","",2001,60,1,10,6448,2,,2001,9,1,,1,1,,,-14.310793,-170.554614,0,,,1,,"",,1.7,1,,1,"",2014-12-03,"489998","",2015-01-14,"489998","OFFSET",,,2,1,,"1",2,1,"","",,,,,,,,
"291823511489998","170083046020004","14424023000440","",2001,60,1,10,6451,2,,2001,9,1,,1,1,,,-14.255666,-170.742435,0,,,1,,"",,1.7,1,,1,"",2014-12-03,"489998","",2015-01-14,"489998","OFFSET",,,2,1,,"3",2,1,"","",,,,,,,,
"291823506489998","170083046020004","14424023000440","",2001,60,1,10,6453,2,,2001,9,1,,1,1,,,-14.306721,-170.659861,0,,,1,,"",,1.7,1,,1,"",2014-12-03,"489998","",2015-01-14,"489998","OFFSET",,,2,1,,"2",2,1,"","",,,,,,,,
"195829208020004","170083046020004","14424020000440","",2001,60,1,20,2001,1,,2001,5,21,,1,1,5,0,-14.172514,-169.655176,1300,,,1,,"",,1.7,1,,1,"",2013-07-25,"20004","",2015-01-14,"489998","OFFSET",12,,1,4,,"9",2,1,"","",,,,,,,,
"195829207020004","170083046020004","14424020000440","",2001,60,1,20,2002,1,,2001,12,18,,1,1,7,0,-14.239032,-169.503426,300,,,1,,"",,1.7,1,,1,"",2013-07-25,"20004","",2015-01-14,"489998","OFFSET",12,,1,4,,"9",2,1,"","",,,,,,,,
"195829202020004","170083046020004","14424020000440","",2001,60,1,20,2003,1,,2001,12,19,,1,1,7,0,-14.266062,-169.488965,100,,,1,,"",,1.7,1,,1,"",2013-07-25,"20004","",2015-01-14,"489998","OFFSET",12,,1,4,,"9",2,1,"","",,,,,,,,
"198302994020004","170083046020004","14424020000440","",2001,60,1,20,2004,3,3,2001,4,1,,1,1,,,-14.249826,-169.4729,1100,,,1,,"",,1.7,1,,1,"",2013-07-25,"20004","",2015-01-14,"489998","OFFSET",12,,1,1,,"8",2,1,"","",,,,,,,,
"195829204020004","170083046020004","14424020000440","",2001,60,1,20,2005,1,,2001,4,10,,1,1,8,0,-14.228702,-169.453941,2700,,,1,,"",,1.7,1,,1,"",2013-07-25,"20004","",2015-01-14,"489998","OFFSET",12,,1,4,,"10",2,1,"","",,,,,,,,
"195829206020004","170083046020004","14424020000440","",2001,60,1,20,2006,1,,2001,12,20,,1,1,3,0,-14.244737,-169.424335,100,,,1,,"",,1.7,1,,1,"",2013-07-25,"20004","",2015-01-14,"489998","OFFSET",12,,1,4,,"9",2,1,"","",,,,,,,,
"291823562489998","170083046020004","14424020000440","",2001,60,1,20,6001,2,,2001,9,1,,1,1,,,-14.260155,-169.460931,0,,,1,,"",,1.7,1,,1,"",2014-12-03,"489998","",2015-01-14,"489998","OFFSET",,,2,1,,"2",2,1,"","",,,,,,,,
"291823540489998","170083046020004","14424020000440","",2001,60,1,20,6002,2,,2001,9,1,,1,1,,,-14.247431,-169.501725,0,,,1,,"",,1.7,1,,1,"",2014-12-03,"489998","",2015-01-14,"489998","OFFSET",,,2,1,,"2",2,1,"","",,,,,,,,
"291823592489998","170083046020004","14424020000440","",2001,60,1,20,6009,2,,2001,9,1,,1,1,,,-14.1841,-169.377102,0,,,1,,"",,1.7,1,,1,"",2014-12-03,"489998","",2015-01-14,"489998","OFFSET",,,2,1,,"3",2,1,"","",,,,,,,,
"291823610489998","170083046020004","14424020000440","",2001,60,1,20,6010,2,,2001,9,1,,1,1,,,-14.31996,-169.471705,0,,,1,,"",,1.7,1,,1,"",2014-12-03,"489998","",2015-01-14,"489998","OFFSET",,,2,1,,"2",2,1,"","",,,,,,,,
"291823617489998","170083046020004","14424020000440","",2001,60,1,20,6015,2,,2001,9,1,,1,1,,,-14.16832,-169.438555,0,,,1,,"",,1.7,1,,1,"",2014-12-03,"489998","",2015-01-14,"489998","OFFSET",,,2,1,,"2",2,1,"","",,,,,,,,
"291823567489998","170083046020004","14424020000440","",2001,60,1,20,6018,2,,2001,9,1,,1,1,,,-14.159802,-169.698963,0,,,1,,"",,1.7,1,,1,"",2014-12-03,"489998","",2015-01-14,"489998","OFFSET",,,2,1,,"1",2,1,"","",,,,,,,,
"291823593489998","170083046020004","14424020000440","",2001,60,1,20,6021,2,,2001,9,1,,1,1,,,-14.189527,-169.37366,0,,,1,,"",,1.7,1,,1,"",2014-12-03,"489998","",2015-01-14,"489998","OFFSET",,,2,1,,"1",2,1,"","",,,,,,,,
"291823620489998","170083046020004","14424020000440","",2001,60,1,20,6023,2,,2001,9,1,,1,1,,,-14.286145,-169.51664,0,,,1,,"",,1.7,1,,1,"",2014-12-03,"489998","",2015-01-14,"489998","OFFSET",,,2,1,,"1",2,1,"","",,,,,,,,
"291823614489998","170083046020004","14424020000440","",2001,60,1,20,6038,2,,2001,9,1,,1,1,,,-14.176338,-169.48277,0,,,1,,"",,1.7,1,,1,"",2014-12-03,"489998","",2015-01-14,"489998","OFFSET",,,2,1,,"3",2,1,"","",,,,,,,,
"291823613489998","170083046020004","14424020000440","",2001,60,1,20,6041,2,,2001,9,1,,1,1,,,-14.186807,-169.527999,0,,,1,,"",,1.7,1,,1,"",2014-12-03,"489998","",2015-01-14,"489998","OFFSET",,,2,1,,"3",2,1,"","",,,,,,,,
"291823574489998","170083046020004","14424020000440","",2001,60,1,20,6050,2,,2001,9,1,,1,1,,,-14.154722,-169.678162,0,,,1,,"",,1.7,1,,1,"",2014-12-03,"489998","",2015-01-14,"489998","OFFSET",,,2,1,,"3",2,1,"","",,,,,,,,
"291823543489998","170083046020004","14424020000440","",2001,60,1,20,6055,2,,2001,9,1,,1,1,,,-14.192142,-169.468172,0,,,1,,"",,1.7,1,,1,"",2014-12-03,"489998","",2015-01-14,"489998","OFFSET",,,2,1,,"2",2,1,"","",,,,,,,,
"291823566489998","170083046020004","14424020000440","",2001,60,1,20,6063,2,,2001,9,1,,1,1,,,-14.288057,-169.458262,0,,,1,,"",,1.7,1,,1,"",2014-12-03,"489998","",2015-01-14,"489998","OFFSET",,,2,1,,"2",2,1,"","",,,,,,,,
"291823565489998","170083046020004","14424020000440","",2001,60,1,20,6069,2,,2001,9,1,,1,1,,,-14.301194,-169.481108,0,,,1,,"",,1.7,1,,1,"",2014-12-03,"489998","",2015-01-14,"489998","OFFSET",,,2,1,,"2",2,1,"","",,,,,,,,
"291823548489998","170083046020004","14424020000440","",2001,60,1,20,6070,2,,2001,9,1,,1,1,,,-14.111038,-169.61275,0,,,1,,"",,1.7,1,,1,"",2014-12-03,"489998","",2015-01-14,"489998","OFFSET",,,2,1,,"2",2,1,"","",,,,,,,,
"291823590489998","170083046020004","14424020000440","",2001,60,1,20,6077,2,,2001,9,1,,1,1,,,-14.295118,-169.417051,0,,,1,,"",,1.7,1,,1,"",2014-12-03,"489998","",2015-01-14,"489998","OFFSET",,,2,1,,"1",2,1,"","",,,,,,,,
"291823542489998","170083046020004","14424020000440","",2001,60,1,20,6079,2,,2001,9,1,,1,1,,,-14.256082,-169.531073,0,,,1,,"",,1.7,1,,1,"",2014-12-03,"489998","",2015-01-14,"489998","OFFSET",,,2,1,,"3",2,1,"","",,,,,,,,
"291823604489998","170083046020004","14424020000440","",2001,60,1,20,6081,2,,2001,9,1,,1,1,,,-14.226667,-169.682213,0,,,1,,"",,1.7,1,,1,"",2014-12-03,"489998","",2015-01-14,"489998","OFFSET",,,2,1,,"3",2,1,"","",,,,,,,,
"291823618489998","170083046020004","14424020000440","",2001,60,1,20,6082,2,,2001,9,1,,1,1,,,-14.309784,-169.428273,0,,,1,,"",,1.7,1,,1,"",2014-12-03,"489998","",2015-01-14,"489998","OFFSET",,,2,1,,"3",2,1,"","",,,,,,,,
"291823561489998","170083046020004","14424020000440","",2001,60,1,20,6087,2,,2001,9,1,,1,1,,,-14.192676,-169.576735,0,,,1,,"",,1.7,1,,1,"",2014-12-03,"489998","",2015-01-14,"489998","OFFSET",,,2,1,,"2",2,1,"","",,,,,,,,
"291823606489998","170083046020004","14424020000440","",2001,60,1,20,6092,2,,2001,9,1,,1,1,,,-14.235094,-169.377339,0,,,1,,"",,1.7,1,,1,"",2014-12-03,"489998","",2015-01-14,"489998","OFFSET",,,2,1,,"3",2,1,"","",,,,,,,,
"291823601489998","170083046020004","14424020000440","",2001,60,1,20,6096,2,,2001,9,1,,1,1,,,-14.252913,-169.416113,0,,,1,,"",,1.7,1,,1,"",2014-12-03,"489998","",2015-01-14,"489998","OFFSET",,,2,1,,"3",2,1,"","",,,,,,,,
"291823553489998","170083046020004","14424020000440","",2001,60,1,20,6105,2,,2001,9,1,,1,1,,,-14.226518,-169.417718,0,,,1,,"",,1.7,1,,1,"",2014-12-03,"489998","",2015-01-14,"489998","OFFSET",,,2,1,,"1",2,1,"","",,,,,,,,
"291823570489998","170083046020004","14424020000440","",2001,60,1,20,6107,2,,2001,9,1,,1,1,,,-14.199837,-169.650531,0,,,1,,"",,1.7,1,,1,"",2014-12-03,"489998","",2015-01-14,"489998","OFFSET",,,2,1,,"2",2,1,"","",,,,,,,,
"291823572489998","170083046020004","14424020000440","",2001,60,1,20,6108,2,,2001,9,1,,1,1,,,-14.151753,-169.694558,0,,,1,,"",,1.7,1,,1,"",2014-12-03,"489998","",2015-01-14,"489998","OFFSET",,,2,1,,"2",2,1,"","",,,,,,,,
"291823544489998","170083046020004","14424020000440","",2001,60,1,20,6110,2,,2001,9,1,,1,1,,,-14.159005,-169.645094,0,,,1,,"",,1.7,1,,1,"",2014-12-03,"489998","",2015-01-14,"489998","OFFSET",,,2,1,,"1",2,1,"","",,,,,,,,
"291823538489998","170083046020004","14424020000440","",2001,60,1,20,6111,2,,2001,9,1,,1,1,,,-14.229734,-169.635822,0,,,1,,"",,1.7,1,,1,"",2014-12-03,"489998","",2015-01-14,"489998","OFFSET",,,2,1,,"1",2,1,"","",,,,,,,,
"291823589489998","170083046020004","14424020000440","",2001,60,1,20,6114,2,,2001,9,1,,1,1,,,-14.139822,-169.712586,0,,,1,,"",,1.7,1,,1,"",2014-12-03,"489998","",2015-01-14,"489998","OFFSET",,,2,1,,"3",2,1,"","",,,,,,,,
"291823582489998","170083046020004","14424020000440","",2001,60,1,20,6117,2,,2001,9,1,,1,1,,,-14.211187,-169.409927,0,,,1,,"",,1.7,1,,1,"",2014-12-03,"489998","",2015-01-14,"489998","OFFSET",,,2,1,,"2",2,1,"","",,,,,,,,
"291823603489998","170083046020004","14424020000440","",2001,60,1,20,6123,2,,2001,9,1,,1,1,,,-14.24906,-169.381988,0,,,1,,"",,1.7,1,,1,"",2014-12-03,"489998","",2015-01-14,"489998","OFFSET",,,2,1,,"2",2,1,"","",,,,,,,,
"291823576489998","170083046020004","14424020000440","",2001,60,1,20,6137,2,,2001,9,1,,1,1,,,-14.291675,-169.508947,0,,,1,,"",,1.7,1,,1,"",2014-12-03,"489998","",2015-01-14,"489998","OFFSET",,,2,1,,"3",2,1,"","",,,,,,,,
"291823571489998","170083046020004","14424020000440","",2001,60,1,20,6140,2,,2001,9,1,,1,1,,,-14.228415,-169.663281,0,,,1,,"",,1.7,1,,1,"",2014-12-03,"489998","",2015-01-14,"489998","OFFSET",,,2,1,,"3",2,1,"","",,,,,,,,
"291823586489998","170083046020004","14424020000440","",2001,60,1,20,6141,2,,2001,9,1,,1,1,,,-14.303279,-169.518207,0,,,1,,"",,1.7,1,,1,"",2014-12-03,"489998","",2015-01-14,"489998","OFFSET",,,2,1,,"1",2,1,"","",,,,,,,,
"291823616489998","170083046020004","14424020000440","",2001,60,1,20,6142,2,,2001,9,1,,1,1,,,-14.119993,-169.69167,0,,,1,,"",,1.7,1,,1,"",2014-12-03,"489998","",2015-01-14,"489998","OFFSET",,,2,1,,"2",2,1,"","",,,,,,,,
"291823575489998","170083046020004","14424020000440","",2001,60,1,20,6144,2,,2001,9,1,,1,1,,,-14.192846,-169.51222,0,,,1,,"",,1.7,1,,1,"",2014-12-03,"489998","",2015-01-14,"489998","OFFSET",,,2,1,,"2",2,1,"","",,,,,,,,
"291823552489998","170083046020004","14424020000440","",2001,60,1,20,6149,2,,2001,9,1,,1,1,,,-14.194336,-169.619636,0,,,1,,"",,1.7,1,,1,"",2014-12-03,"489998","",2015-01-14,"489998","OFFSET",,,2,1,,"3",2,1,"","",,,,,,,,
"291823609489998","170083046020004","14424020000440","",2001,60,1,20,6152,2,,2001,9,1,,1,1,,,-14.170619,-169.475487,0,,,1,,"",,1.7,1,,1,"",2014-12-03,"489998","",2015-01-14,"489998","OFFSET",,,2,1,,"2",2,1,"","",,,,,,,,
"291823556489998","170083046020004","14424020000440","",2001,60,1,20,6155,2,,2001,9,1,,1,1,,,-14.176362,-169.721082,0,,,1,,"",,1.7,1,,1,"",2014-12-03,"489998","",2015-01-14,"489998","OFFSET",,,2,1,,"1",2,1,"","",,,,,,,,
"291823569489998","170083046020004","14424020000440","",2001,60,1,20,6160,2,,2001,9,1,,1,1,,,-14.227068,-169.5605,0,,,1,,"",,1.7,1,,1,"",2014-12-03,"489998","",2015-01-14,"489998","OFFSET",,,2,1,,"2",2,1,"","",,,,,,,,
"291823585489998","170083046020004","14424020000440","",2001,60,1,20,6162,2,,2001,9,1,,1,1,,,-14.212248,-169.675351,0,,,1,,"",,1.7,1,,1,"",2014-12-03,"489998","",2015-01-14,"489998","OFFSET",,,2,1,,"1",2,1,"","",,,,,,,,
"291823607489998","170083046020004","14424020000440","",2001,60,1,20,6171,2,,2001,9,1,,1,1,,,-14.192104,-169.716887,0,,,1,,"",,1.7,1,,1,"",2014-12-03,"489998","",2015-01-14,"489998","OFFSET",,,2,1,,"3",2,1,"","",,,,,,,,
"291823594489998","170083046020004","14424020000440","",2001,60,1,20,6197,2,,2001,9,1,,1,1,,,-14.207283,-169.561775,0,,,1,,"",,1.7,1,,1,"",2014-12-03,"489998","",2015-01-14,"489998","OFFSET",,,2,1,,"3",2,1,"","",,,,,,,,
"291823551489998","170083046020004","14424020000440","",2001,60,1,20,6199,2,,2001,9,1,,1,1,,,-14.192894,-169.678219,0,,,1,,"",,1.7,1,,1,"",2014-12-03,"489998","",2015-01-14,"489998","OFFSET",,,2,1,,"2",2,1,"","",,,,,,,,
"291823559489998","170083046020004","14424020000440","",2001,60,1,20,6200,2,,2001,9,1,,1,1,,,-14.170932,-169.425879,0,,,1,,"",,1.7,1,,1,"",2014-12-03,"489998","",2015-01-14,"489998","OFFSET",,,2,1,,"1",2,1,"","",,,,,,,,
"291823578489998","170083046020004","14424020000440","",2001,60,1,20,6215,2,,2001,9,1,,1,1,,,-14.113565,-169.648888,0,,,1,,"",,1.7,1,,1,"",2014-12-03,"489998","",2015-01-14,"489998","OFFSET",,,2,1,,"1",2,1,"","",,,,,,,,
"291823541489998","170083046020004","14424020000440","",2001,60,1,20,6226,2,,2001,9,1,,1,1,,,-14.155253,-169.619119,0,,,1,,"",,1.7,1,,1,"",2014-12-03,"489998","",2015-01-14,"489998","OFFSET",,,2,1,,"1",2,1,"","",,,,,,,,
"291823619489998","170083046020004","14424020000440","",2001,60,1,20,6236,2,,2001,9,1,,1,1,,,-14.137,-169.578805,0,,,1,,"",,1.7,1,,1,"",2014-12-03,"489998","",2015-01-14,"489998","OFFSET",,,2,1,,"3",2,1,"","",,,,,,,,
"291823588489998","170083046020004","14424020000440","",2001,60,1,20,6241,2,,2001,9,1,,1,1,,,-14.173958,-169.554516,0,,,1,,"",,1.7,1,,1,"",2014-12-03,"489998","",2015-01-14,"489998","OFFSET",,,2,1,,"1",2,1,"","",,,,,,,,
"291823615489998","170083046020004","14424020000440","",2001,60,1,20,6254,2,,2001,9,1,,1,1,,,-14.115958,-169.683236,0,,,1,,"",,1.7,1,,1,"",2014-12-03,"489998","",2015-01-14,"489998","OFFSET",,,2,1,,"1",2,1,"","",,,,,,,,
"291823563489998","170083046020004","14424020000440","",2001,60,1,20,6269,2,,2001,9,1,,1,1,,,-14.153022,-169.580718,0,,,1,,"",,1.7,1,,1,"",2014-12-03,"489998","",2015-01-14,"489998","OFFSET",,,2,1,,"3",2,1,"","",,,,,,,,
"291823587489998","170083046020004","14424020000440","",2001,60,1,20,6277,2,,2001,9,1,,1,1,,,-14.200579,-169.706227,0,,,1,,"",,1.7,1,,1,"",2014-12-03,"489998","",2015-01-14,"489998","OFFSET",,,2,1,,"2",2,1,"","",,,,,,,,
"291823602489998","170083046020004","14424020000440","",2001,60,1,20,6278,2,,2001,9,1,,1,1,,,-14.106489,-169.601224,0,,,1,,"",,1.7,1,,1,"",2014-12-03,"489998","",2015-01-14,"489998","OFFSET",,,2,1,,"1",2,1,"","",,,,,,,,
"291823612489998","170083046020004","14424020000440","",2001,60,1,20,6284,2,,2001,9,1,,1,1,,,-14.183061,-169.544187,0,,,1,,"",,1.7,1,,1,"",2014-12-03,"489998","",2015-01-14,"489998","OFFSET",,,2,1,,"2",2,1,"","",,,,,,,,
"291823596489998","170083046020004","14424020000440","",2001,60,1,20,6292,2,,2001,9,1,,1,1,,,-14.304334,-169.41016,0,,,1,,"",,1.7,1,,1,"",2014-12-03,"489998","",2015-01-14,"489998","OFFSET",,,2,1,,"2",2,1,"","",,,,,,,,
"291823564489998","170083046020004","14424020000440","",2001,60,1,20,6293,2,,2001,9,1,,1,1,,,-14.184282,-169.409809,0,,,1,,"",,1.7,1,,1,"",2014-12-03,"489998","",2015-01-14,"489998","OFFSET",,,2,1,,"1",2,1,"","",,,,,,,,
"291823577489998","170083046020004","14424020000440","",2001,60,1,20,6297,2,,2001,9,1,,1,1,,,-14.235285,-169.621741,0,,,1,,"",,1.7,1,,1,"",2014-12-03,"489998","",2015-01-14,"489998","OFFSET",,,2,1,,"1",2,1,"","",,,,,,,,
"291823595489998","170083046020004","14424020000440","",2001,60,1,20,6307,2,,2001,9,1,,1,1,,,-14.216237,-169.583812,0,,,1,,"",,1.7,1,,1,"",2014-12-03,"489998","",2015-01-14,"489998","OFFSET",,,2,1,,"2",2,1,"","",,,,,,,,
"291823554489998","170083046020004","14424020000440","",2001,60,1,20,6312,2,,2001,9,1,,1,1,,,-14.203161,-169.538537,0,,,1,,"",,1.7,1,,1,"",2014-12-03,"489998","",2015-01-14,"489998","OFFSET",,,2,1,,"1",2,1,"","",,,,,,,,
"291823583489998","170083046020004","14424020000440","",2001,60,1,20,6317,2,,2001,9,1,,1,1,,,-14.271893,-169.40315,0,,,1,,"",,1.7,1,,1,"",2014-12-03,"489998","",2015-01-14,"489998","OFFSET",,,2,1,,"3",2,1,"","",,,,,,,,
"291823598489998","170083046020004","14424020000440","",2001,60,1,20,6325,2,,2001,9,1,,1,1,,,-14.277682,-169.421931,0,,,1,,"",,1.7,1,,1,"",2014-12-03,"489998","",2015-01-14,"489998","OFFSET",,,2,1,,"3",2,1,"","",,,,,,,,
"291823549489998","170083046020004","14424020000440","",2001,60,1,20,6327,2,,2001,9,1,,1,1,,,-14.209448,-169.471443,0,,,1,,"",,1.7,1,,1,"",2014-12-03,"489998","",2015-01-14,"489998","OFFSET",,,2,1,,"3",2,1,"","",,,,,,,,
"291823580489998","170083046020004","14424020000440","",2001,60,1,20,6329,2,,2001,9,1,,1,1,,,-14.203151,-169.497336,0,,,1,,"",,1.7,1,,1,"",2014-12-03,"489998","",2015-01-14,"489998","OFFSET",,,2,1,,"3",2,1,"","",,,,,,,,
"291823546489998","170083046020004","14424020000440","",2001,60,1,20,6332,2,,2001,9,1,,1,1,,,-14.182388,-169.661931,0,,,1,,"",,1.7,1,,1,"",2014-12-03,"489998","",2015-01-14,"489998","OFFSET",,,2,1,,"1",2,1,"","",,,,,,,,
"291823608489998","170083046020004","14424020000440","",2001,60,1,20,6336,2,,2001,9,1,,1,1,,,-14.123099,-169.569095,0,,,1,,"",,1.7,1,,1,"",2014-12-03,"489998","",2015-01-14,"489998","OFFSET",,,2,1,,"2",2,1,"","",,,,,,,,
"291823550489998","170083046020004","14424020000440","",2001,60,1,20,6344,2,,2001,9,1,,1,1,,,-14.127626,-169.638054,0,,,1,,"",,1.7,1,,1,"",2014-12-03,"489998","",2015-01-14,"489998","OFFSET",,,2,1,,"2",2,1,"","",,,,,,,,
"291823560489998","170083046020004","14424020000440","",2001,60,1,20,6345,2,,2001,9,1,,1,1,,,-14.144764,-169.620688,0,,,1,,"",,1.7,1,,1,"",2014-12-03,"489998","",2015-01-14,"489998","OFFSET",,,2,1,,"3",2,1,"","",,,,,,,,
"291823599489998","170083046020004","14424020000440","",2001,60,1,20,6351,2,,2001,9,1,,1,1,,,-14.241972,-169.546551,0,,,1,,"",,1.7,1,,1,"",2014-12-03,"489998","",2015-01-14,"489998","OFFSET",,,2,1,,"2",2,1,"","",,,,,,,,
"291823600489998","170083046020004","14424020000440","",2001,60,1,20,6353,2,,2001,9,1,,1,1,,,-14.174552,-169.497837,0,,,1,,"",,1.7,1,,1,"",2014-12-03,"489998","",2015-01-14,"489998","OFFSET",,,2,1,,"1",2,1,"","",,,,,,,,
"291823536489998","170083046020004","14424020000440","",2001,60,1,20,6356,2,,2001,9,1,,1,1,,,-14.24576,-169.530923,0,,,1,,"",,1.7,1,,1,"",2014-12-03,"489998","",2015-01-14,"489998","OFFSET",,,2,1,,"1",2,1,"","",,,,,,,,
"291823535489998","170083046020004","14424020000440","",2001,60,1,20,6368,2,,2001,9,1,,1,1,,,-14.19504,-169.629879,0,,,1,,"",,1.7,1,,1,"",2014-12-03,"489998","",2015-01-14,"489998","OFFSET",,,2,1,,"1",2,1,"","",,,,,,,,
"291823547489998","170083046020004","14424020000440","",2001,60,1,20,6374,2,,2001,9,1,,1,1,,,-14.242397,-169.565153,0,,,1,,"",,1.7,1,,1,"",2014-12-03,"489998","",2015-01-14,"489998","OFFSET",,,2,1,,"1",2,1,"","",,,,,,,,
"291823537489998","170083046020004","14424020000440","",2001,60,1,20,6393,2,,2001,9,1,,1,1,,,-14.300303,-169.46464,0,,,1,,"",,1.7,1,,1,"",2014-12-03,"489998","",2015-01-14,"489998","OFFSET",,,2,1,,"1",2,1,"","",,,,,,,,
"291823573489998","170083046020004","14424020000440","",2001,60,1,20,6396,2,,2001,9,1,,1,1,,,-14.262469,-169.375867,0,,,1,,"",,1.7,1,,1,"",2014-12-03,"489998","",2015-01-14,"489998","OFFSET",,,2,1,,"2",2,1,"","",,,,,,,,
"291823597489998","170083046020004","14424020000440","",2001,60,1,20,6400,2,,2001,9,1,,1,1,,,-14.221666,-169.61579,0,,,1,,"",,1.7,1,,1,"",2014-12-03,"489998","",2015-01-14,"489998","OFFSET",,,2,1,,"3",2,1,"","",,,,,,,,
"291823605489998","170083046020004","14424020000440","",2001,60,1,20,6404,2,,2001,9,1,,1,1,,,-14.146497,-169.567053,0,,,1,,"",,1.7,1,,1,"",2014-12-03,"489998","",2015-01-14,"489998","OFFSET",,,2,1,,"1",2,1,"","",,,,,,,,
"291823555489998","170083046020004","14424020000440","",2001,60,1,20,6408,2,,2001,9,1,,1,1,,,-14.256906,-169.446177,0,,,1,,"",,1.7,1,,1,"",2014-12-03,"489998","",2015-01-14,"489998","OFFSET",,,2,1,,"1",2,1,"","",,,,,,,,
"291823581489998","170083046020004","14424020000440","",2001,60,1,20,6412,2,,2001,9,1,,1,1,,,-14.239888,-169.407555,0,,,1,,"",,1.7,1,,1,"",2014-12-03,"489998","",2015-01-14,"489998","OFFSET",,,2,1,,"2",2,1,"","",,,,,,,,
"291823557489998","170083046020004","14424020000440","",2001,60,1,20,6413,2,,2001,9,1,,1,1,,,-14.181507,-169.699347,0,,,1,,"",,1.7,1,,1,"",2014-12-03,"489998","",2015-01-14,"489998","OFFSET",,,2,1,,"2",2,1,"","",,,,,,,,
"291823611489998","170083046020004","14424020000440","",2001,60,1,20,6416,2,,2001,9,1,,1,1,,,-14.257023,-169.552814,0,,,1,,"",,1.7,1,,1,"",2014-12-03,"489998","",2015-01-14,"489998","OFFSET",,,2,1,,"3",2,1,"","",,,,,,,,
"291823579489998","170083046020004","14424020000440","",2001,60,1,20,6422,2,,2001,9,1,,1,1,,,-14.238656,-169.600752,0,,,1,,"",,1.7,1,,1,"",2014-12-03,"489998","",2015-01-14,"489998","OFFSET",,,2,1,,"1",2,1,"","",,,,,,,,
"291823539489998","170083046020004","14424020000440","",2001,60,1,20,6440,2,,2001,9,1,,1,1,,,-14.177609,-169.591232,0,,,1,,"",,1.7,1,,1,"",2014-12-03,"489998","",2015-01-14,"489998","OFFSET",,,2,1,,"1",2,1,"","",,,,,,,,
"291823591489998","170083046020004","14424020000440","",2001,60,1,20,6443,2,,2001,9,1,,1,1,,,-14.207299,-169.381704,0,,,1,,"",,1.7,1,,1,"",2014-12-03,"489998","",2015-01-14,"489998","OFFSET",,,2,1,,"1",2,1,"","",,,,,,,,
"291823558489998","170083046020004","14424020000440","",2001,60,1,20,6449,2,,2001,9,1,,1,1,,,-14.141545,-169.640694,0,,,1,,"",,1.7,1,,1,"",2014-12-03,"489998","",2015-01-14,"489998","OFFSET",,,2,1,,"3",2,1,"","",,,,,,,,
"291823545489998","170083046020004","14424020000440","",2001,60,1,20,6456,2,,2001,9,1,,1,1,,,-14.287974,-169.477204,0,,,1,,"",,1.7,1,,1,"",2014-12-03,"489998","",2015-01-14,"489998","OFFSET",,,2,1,,"1",2,1,"","",,,,,,,,
"291823568489998","170083046020004","14424020000440","",2001,60,1,20,6458,2,,2001,9,1,,1,1,,,-14.254369,-169.394305,0,,,1,,"",,1.7,1,,1,"",2014-12-03,"489998","",2015-01-14,"489998","OFFSET",,,2,1,,"1",2,1,"","",,,,,,,,
"291823623489998","170083046020004","14424022000440","",2001,60,1,40,6007,2,,2001,9,1,,1,1,,,-11.05923,-171.094892,0,,,1,,"",,1.7,1,,1,"",2014-12-03,"489998","",2015-01-14,"489998","OFFSET",,,2,1,,"1",2,1,"","",,,,,,,,
"291823633489998","170083046020004","14424022000440","",2001,60,1,40,6033,2,,2001,9,1,,1,1,,,-11.025235,-171.025425,0,,,1,,"",,1.7,1,,1,"",2014-12-03,"489998","",2015-01-14,"489998","OFFSET",,,2,1,,"1",2,1,"","",,,,,,,,
"291823634489998","170083046020004","14424022000440","",2001,60,1,40,6064,2,,2001,9,1,,1,1,,,-11.052946,-171.064015,0,,,1,,"",,1.7,1,,1,"",2014-12-03,"489998","",2015-01-14,"489998","OFFSET",,,2,1,,"2",2,1,"","",,,,,,,,
"291823639489998","170083046020004","14424022000440","",2001,60,1,40,6080,2,,2001,9,1,,1,1,,,-11.099765,-171.0538,0,,,1,,"",,1.7,1,,1,"",2014-12-03,"489998","",2015-01-14,"489998","OFFSET",,,2,1,,"1",2,1,"","",,,,,,,,
"291823631489998","170083046020004","14424022000440","",2001,60,1,40,6128,2,,2001,9,1,,1,1,,,-11.102678,-171.082771,0,,,1,,"",,1.7,1,,1,"",2014-12-03,"489998","",2015-01-14,"489998","OFFSET",,,2,1,,"3",2,1,"","",,,,,,,,
"291823626489998","170083046020004","14424022000440","",2001,60,1,40,6145,2,,2001,9,1,,1,1,,,-11.072266,-171.059781,0,,,1,,"",,1.7,1,,1,"",2014-12-03,"489998","",2015-01-14,"489998","OFFSET",,,2,1,,"1",2,1,"","",,,,,,,,
"291823635489998","170083046020004","14424022000440","",2001,60,1,40,6146,2,,2001,9,1,,1,1,,,-11.050358,-171.10694,0,,,1,,"",,1.7,1,,1,"",2014-12-03,"489998","",2015-01-14,"489998","OFFSET",,,2,1,,"2",2,1,"","",,,,,,,,
"291823632489998","170083046020004","14424022000440","",2001,60,1,40,6158,2,,2001,9,1,,1,1,,,-11.078928,-171.108352,0,,,1,,"",,1.7,1,,1,"",2014-12-03,"489998","",2015-01-14,"489998","OFFSET",,,2,1,,"3",2,1,"","",,,,,,,,
"291823622489998","170083046020004","14424022000440","",2001,60,1,40,6181,2,,2001,9,1,,1,1,,,-11.074643,-171.035027,0,,,1,,"",,1.7,1,,1,"",2014-12-03,"489998","",2015-01-14,"489998","OFFSET",,,2,1,,"1",2,1,"","",,,,,,,,
"291823630489998","170083046020004","14424022000440","",2001,60,1,40,6184,2,,2001,9,1,,1,1,,,-11.008031,-171.088732,0,,,1,,"",,1.7,1,,1,"",2014-12-03,"489998","",2015-01-14,"489998","OFFSET",,,2,1,,"1",2,1,"","",,,,,,,,
"291823637489998","170083046020004","14424022000440","",2001,60,1,40,6206,2,,2001,9,1,,1,1,,,-11.058099,-171.048277,0,,,1,,"",,1.7,1,,1,"",2014-12-03,"489998","",2015-01-14,"489998","OFFSET",,,2,1,,"3",2,1,"","",,,,,,,,
"291823636489998","170083046020004","14424022000440","",2001,60,1,40,6212,2,,2001,9,1,,1,1,,,-11.069264,-171.112307,0,,,1,,"",,1.7,1,,1,"",2014-12-03,"489998","",2015-01-14,"489998","OFFSET",,,2,1,,"3",2,1,"","",,,,,,,,
"291823625489998","170083046020004","14424022000440","",2001,60,1,40,6219,2,,2001,9,1,,1,1,,,-11.075942,-171.017906,0,,,1,,"",,1.7,1,,1,"",2014-12-03,"489998","",2015-01-14,"489998","OFFSET",,,2,1,,"2",2,1,"","",,,,,,,,
"291823629489998","170083046020004","14424022000440","",2001,60,1,40,6250,2,,2001,9,1,,1,1,,,-11.069628,-171.085611,0,,,1,,"",,1.7,1,,1,"",2014-12-03,"489998","",2015-01-14,"489998","OFFSET",,,2,1,,"2",2,1,"","",,,,,,,,
"291823628489998","170083046020004","14424022000440","",2001,60,1,40,6321,2,,2001,9,1,,1,1,,,-11.094393,-171.031806,0,,,1,,"",,1.7,1,,1,"",2014-12-03,"489998","",2015-01-14,"489998","OFFSET",,,2,1,,"3",2,1,"","",,,,,,,,
"291823621489998","170083046020004","14424022000440","",2001,60,1,40,6341,2,,2001,9,1,,1,1,,,-11.088996,-171.130753,0,,,1,,"",,1.7,1,,1,"",2014-12-03,"489998","",2015-01-14,"489998","OFFSET",,,2,1,,"1",2,1,"","",,,,,,,,
"291823627489998","170083046020004","14424022000440","",2001,60,1,40,6348,2,,2001,9,1,,1,1,,,-11.06938,-171.07361,0,,,1,,"",,1.7,1,,1,"",2014-12-03,"489998","",2015-01-14,"489998","OFFSET",,,2,1,,"1",2,1,"","",,,,,,,,
"291823640489998","170083046020004","14424022000440","",2001,60,1,40,6364,2,,2001,9,1,,1,1,,,-11.103112,-171.102282,0,,,1,,"",,1.7,1,,1,"",2014-12-03,"489998","",2015-01-14,"489998","OFFSET",,,2,1,,"1",2,1,"","",,,,,,,,
"291823638489998","170083046020004","14424022000440","",2001,60,1,40,6397,2,,2001,9,1,,1,1,,,-11.051039,-171.023164,0,,,1,,"",,1.7,1,,1,"",2014-12-03,"489998","",2015-01-14,"489998","OFFSET",,,2,1,,"2",2,1,"","",,,,,,,,
"291823624489998","170083046020004","14424022000440","",2001,60,1,40,6403,2,,2001,9,1,,1,1,,,-11.077529,-171.119539,0,,,1,,"",,1.7,1,,1,"",2014-12-03,"489998","",2015-01-14,"489998","OFFSET",,,2,1,,"2",2,1,"","",,,,,,,,
"195829175020004","170083046020004","14424024000440","",2001,60,1,50,5001,1,,2001,5,22,,1,1,2,0,-14.331554,-170.822392,300,,,1,,"",,1.7,1,,1,"",2013-07-25,"20004","",2015-01-14,"489998","OFFSET",12,,1,4,,"9",2,1,"","",,,,,,,,
"195829178020004","170083046020004","14424024000440","",2001,60,1,50,5002,1,,2001,7,11,,1,1,5,0,-14.309815,-170.801102,300,,,1,,"",,1.7,1,,1,"",2013-07-25,"20004","",2015-01-14,"489998","OFFSET",12,,1,4,,"8",2,1,"","",,,,,,,,
"195829180020004","170083046020004","14424024000440","",2001,60,1,50,5003,1,,2001,6,20,,1,1,6,0,-14.305973,-170.779482,500,,,1,,"",,1.7,1,,1,"",2013-07-25,"20004","",2015-01-14,"489998","OFFSET",12,,1,4,,"9",2,1,"","",,,,,,,,
"195829176020004","170083046020004","14424024000440","",2001,60,1,50,5004,1,,2001,5,23,,1,1,2,1,-14.321439,-170.770747,700,,,1,,"",,1.7,1,,1,"",2013-07-25,"20004","",2015-01-14,"489998","OFFSET",12,,1,4,,"8",2,1,"","",,,,,,,,
"195829168020004","170083046020004","14424024000440","",2001,60,1,50,5005,2,,2001,6,4,,1,1,,0,-14.355978,-170.765991,100,,,1,,"",,1.7,1,,1,"",2013-07-25,"20004","",2015-01-14,"489998","OFFSET",12,,1,1,,"7",2,1,"","",,,,,,,,
"195829179020004","170083046020004","14424024000440","",2001,60,1,50,5006,1,,2001,7,18,,1,1,1,0,-14.303469,-170.748958,900,,,1,,"",,1.7,1,,1,"",2013-07-25,"20004","",2015-01-14,"489998","OFFSET",12,,1,4,,"8",2,1,"","",,,,,,,,
"195829170020004","170083046020004","14424024000440","",2001,60,1,50,5007,1,,2001,5,14,,1,1,1,0,-14.332246,-170.744231,300,,,1,,"",,1.7,1,,1,"",2013-07-25,"20004","",2015-01-14,"489998","OFFSET",12,,1,4,,"9",2,1,"","",,,,,,,,
"195829141020004","170083046020004","14424024000440","",2001,60,1,50,5008,1,,2001,5,15,,1,1,3,0,-14.359294,-170.751111,100,,,1,,"",,1.7,1,,1,"",2013-07-25,"20004","",2015-01-14,"489998","OFFSET",12,,1,4,,"9",2,1,"","",,,,,,,,
"195829209020004","170083046020004","14424024000440","",2001,60,1,50,5009,2,,2001,5,23,,1,1,,0,-14.318207,-170.726173,100,,,1,,"",,1.7,1,,1,"",2013-07-25,"20004","",2015-01-14,"489998","OFFSET",12,,1,1,,"9",2,1,"","",,,,,,,,
"195829205020004","170083046020004","14424024000440","",2001,60,1,50,5011,1,,2001,5,16,,1,1,5,0,-14.345207,-170.721886,100,,,1,,"",,1.7,1,,1,"",2013-08-23,"20004","",2015-01-14,"489998","OFFSET",12,,1,4,,"7",2,1,"","",,,,,,,,
"291823645489998","170083046020004","14424024000440","",2001,60,1,50,6000,2,,2001,9,1,,1,1,,,-14.397496,-170.791598,0,,,1,,"",,1.7,1,,1,"",2014-12-03,"489998","",2015-01-14,"489998","OFFSET",,,2,1,,"1",2,1,"","",,,,,,,,
"291823647489998","170083046020004","14424024000440","",2001,60,1,50,6039,2,,2001,9,1,,1,1,,,-14.396511,-170.692362,0,,,1,,"",,1.7,1,,1,"",2014-12-03,"489998","",2015-01-14,"489998","OFFSET",,,2,1,,"1",2,1,"","",,,,,,,,
"291823673489998","170083046020004","14424024000440","",2001,60,1,50,6042,2,,2001,9,1,,1,1,,,-14.356351,-170.695613,0,,,1,,"",,1.7,1,,1,"",2014-12-03,"489998","",2015-01-14,"489998","OFFSET",,,2,1,,"3",2,1,"","",,,,,,,,
"291823664489998","170083046020004","14424024000440","",2001,60,1,50,6047,2,,2001,9,1,,1,1,,,-14.315453,-170.870467,0,,,1,,"",,1.7,1,,1,"",2014-12-03,"489998","",2015-01-14,"489998","OFFSET",,,2,1,,"3",2,1,"","",,,,,,,,
"291823644489998","170083046020004","14424024000440","",2001,60,1,50,6053,2,,2001,9,1,,1,1,,,-14.336787,-170.794666,0,,,1,,"",,1.7,1,,1,"",2014-12-03,"489998","",2015-01-14,"489998","OFFSET",,,2,1,,"1",2,1,"","",,,,,,,,
"291823668489998","170083046020004","14424024000440","",2001,60,1,50,6059,2,,2001,9,1,,1,1,,,-14.399909,-170.751963,0,,,1,,"",,1.7,1,,1,"",2014-12-03,"489998","",2015-01-14,"489998","OFFSET",,,2,1,,"2",2,1,"","",,,,,,,,
"291823666489998","170083046020004","14424024000440","",2001,60,1,50,6062,2,,2001,9,1,,1,1,,,-14.311405,-170.873683,0,,,1,,"",,1.7,1,,1,"",2014-12-03,"489998","",2015-01-14,"489998","OFFSET",,,2,1,,"2",2,1,"","",,,,,,,,
"291823662489998","170083046020004","14424024000440","",2001,60,1,50,6085,2,,2001,9,1,,1,1,,,-14.276035,-170.846956,0,,,1,,"",,1.7,1,,1,"",2014-12-03,"489998","",2015-01-14,"489998","OFFSET",,,2,1,,"3",2,1,"","",,,,,,,,
"291823663489998","170083046020004","14424024000440","",2001,60,1,50,6102,2,,2001,9,1,,1,1,,,-14.366313,-170.689402,0,,,1,,"",,1.7,1,,1,"",2014-12-03,"489998","",2015-01-14,"489998","OFFSET",,,2,1,,"2",2,1,"","",,,,,,,,
"291823648489998","170083046020004","14424024000440","",2001,60,1,50,6129,2,,2001,9,1,,1,1,,,-14.345973,-170.817452,0,,,1,,"",,1.7,1,,1,"",2014-12-03,"489998","",2015-01-14,"489998","OFFSET",,,2,1,,"2",2,1,"","",,,,,,,,
"291823656489998","170083046020004","14424024000440","",2001,60,1,50,6130,2,,2001,9,1,,1,1,,,-14.294607,-170.870997,0,,,1,,"",,1.7,1,,1,"",2014-12-03,"489998","",2015-01-14,"489998","OFFSET",,,2,1,,"1",2,1,"","",,,,,,,,
"291823649489998","170083046020004","14424024000440","",2001,60,1,50,6153,2,,2001,9,1,,1,1,,,-14.307832,-170.857919,0,,,1,,"",,1.7,1,,1,"",2014-12-03,"489998","",2015-01-14,"489998","OFFSET",,,2,1,,"1",2,1,"","",,,,,,,,
"291823674489998","170083046020004","14424024000440","",2001,60,1,50,6157,2,,2001,9,1,,1,1,,,-14.279767,-170.864096,0,,,1,,"",,1.7,1,,1,"",2014-12-03,"489998","",2015-01-14,"489998","OFFSET",,,2,1,,"3",2,1,"","",,,,,,,,
"291823676489998","170083046020004","14424024000440","",2001,60,1,50,6159,2,,2001,9,1,,1,1,,,-14.367258,-170.854331,0,,,1,,"",,1.7,1,,1,"",2014-12-03,"489998","",2015-01-14,"489998","OFFSET",,,2,1,,"3",2,1,"","",,,,,,,,
"291823669489998","170083046020004","14424024000440","",2001,60,1,50,6163,2,,2001,9,1,,1,1,,,-14.361438,-170.728616,0,,,1,,"",,1.7,1,,1,"",2014-12-03,"489998","",2015-01-14,"489998","OFFSET",,,2,1,,"3",2,1,"","",,,,,,,,
"291823655489998","170083046020004","14424024000440","",2001,60,1,50,6175,2,,2001,9,1,,1,1,,,-14.285815,-170.787365,0,,,1,,"",,1.7,1,,1,"",2014-12-03,"489998","",2015-01-14,"489998","OFFSET",,,2,1,,"3",2,1,"","",,,,,,,,
"291823657489998","170083046020004","14424024000440","",2001,60,1,50,6178,2,,2001,9,1,,1,1,,,-14.284963,-170.835963,0,,,1,,"",,1.7,1,,1,"",2014-12-03,"489998","",2015-01-14,"489998","OFFSET",,,2,1,,"2",2,1,"","",,,,,,,,
"291823671489998","170083046020004","14424024000440","",2001,60,1,50,6179,2,,2001,9,1,,1,1,,,-14.419414,-170.739132,0,,,1,,"",,1.7,1,,1,"",2014-12-03,"489998","",2015-01-14,"489998","OFFSET",,,2,1,,"2",2,1,"","",,,,,,,,
"291823643489998","170083046020004","14424024000440","",2001,60,1,50,6203,2,,2001,9,1,,1,1,,,-14.350724,-170.850823,0,,,1,,"",,1.7,1,,1,"",2014-12-03,"489998","",2015-01-14,"489998","OFFSET",,,2,1,,"1",2,1,"","",,,,,,,,
"291823659489998","170083046020004","14424024000440","",2001,60,1,50,6234,2,,2001,9,1,,1,1,,,-14.393447,-170.774185,0,,,1,,"",,1.7,1,,1,"",2014-12-03,"489998","",2015-01-14,"489998","OFFSET",,,2,1,,"3",2,1,"","",,,,,,,,
"291823675489998","170083046020004","14424024000440","",2001,60,1,50,6261,2,,2001,9,1,,1,1,,,-14.353629,-170.86471,0,,,1,,"",,1.7,1,,1,"",2014-12-03,"489998","",2015-01-14,"489998","OFFSET",,,2,1,,"2",2,1,"","",,,,,,,,
"291823665489998","170083046020004","14424024000440","",2001,60,1,50,6282,2,,2001,9,1,,1,1,,,-14.404202,-170.764644,0,,,1,,"",,1.7,1,,1,"",2014-12-03,"489998","",2015-01-14,"489998","OFFSET",,,2,1,,"1",2,1,"","",,,,,,,,
"291823646489998","170083046020004","14424024000440","",2001,60,1,50,6283,2,,2001,9,1,,1,1,,,-14.360991,-170.79441,0,,,1,,"",,1.7,1,,1,"",2014-12-03,"489998","",2015-01-14,"489998","OFFSET",,,2,1,,"2",2,1,"","",,,,,,,,
"291823658489998","170083046020004","14424024000440","",2001,60,1,50,6301,2,,2001,9,1,,1,1,,,-14.319156,-170.877964,0,,,1,,"",,1.7,1,,1,"",2014-12-03,"489998","",2015-01-14,"489998","OFFSET",,,2,1,,"1",2,1,"","",,,,,,,,
"291823641489998","170083046020004","14424024000440","",2001,60,1,50,6308,2,,2001,9,1,,1,1,,,-14.262905,-170.777169,0,,,1,,"",,1.7,1,,1,"",2014-12-03,"489998","",2015-01-14,"489998","OFFSET",,,2,1,,"1",2,1,"","",,,,,,,,
"291823651489998","170083046020004","14424024000440","",2001,60,1,50,6320,2,,2001,9,1,,1,1,,,-14.291494,-170.852063,0,,,1,,"",,1.7,1,,1,"",2014-12-03,"489998","",2015-01-14,"489998","OFFSET",,,2,1,,"2",2,1,"","",,,,,,,,
"291823653489998","170083046020004","14424024000440","",2001,60,1,50,6326,2,,2001,9,1,,1,1,,,-14.39459,-170.714774,0,,,1,,"",,1.7,1,,1,"",2014-12-03,"489998","",2015-01-14,"489998","OFFSET",,,2,1,,"1",2,1,"","",,,,,,,,
"291823660489998","170083046020004","14424024000440","",2001,60,1,50,6342,2,,2001,9,1,,1,1,,,-14.367081,-170.783336,0,,,1,,"",,1.7,1,,1,"",2014-12-03,"489998","",2015-01-14,"489998","OFFSET",,,2,1,,"3",2,1,"","",,,,,,,,
"291823670489998","170083046020004","14424024000440","",2001,60,1,50,6347,2,,2001,9,1,,1,1,,,-14.399949,-170.732348,0,,,1,,"",,1.7,1,,1,"",2014-12-03,"489998","",2015-01-14,"489998","OFFSET",,,2,1,,"3",2,1,"","",,,,,,,,
"291823652489998","170083046020004","14424024000440","",2001,60,1,50,6357,2,,2001,9,1,,1,1,,,-14.368898,-170.81019,0,,,1,,"",,1.7,1,,1,"",2014-12-03,"489998","",2015-01-14,"489998","OFFSET",,,2,1,,"3",2,1,"","",,,,,,,,
"291823672489998","170083046020004","14424024000440","",2001,60,1,50,6405,2,,2001,9,1,,1,1,,,-14.412754,-170.754887,0,,,1,,"",,1.7,1,,1,"",2014-12-03,"489998","",2015-01-14,"489998","OFFSET",,,2,1,,"3",2,1,"","",,,,,,,,
"291823642489998","170083046020004","14424024000440","",2001,60,1,50,6431,2,,2001,9,1,,1,1,,,-14.352744,-170.713738,0,,,1,,"",,1.7,1,,1,"",2014-12-03,"489998","",2015-01-14,"489998","OFFSET",,,2,1,,"1",2,1,"","",,,,,,,,
"291823650489998","170083046020004","14424024000440","",2001,60,1,50,6432,2,,2001,9,1,,1,1,,,-14.259725,-170.807239,0,,,1,,"",,1.7,1,,1,"",2014-12-03,"489998","",2015-01-14,"489998","OFFSET",,,2,1,,"1",2,1,"","",,,,,,,,
"291823661489998","170083046020004","14424024000440","",2001,60,1,50,6450,2,,2001,9,1,,1,1,,,-14.388566,-170.741066,0,,,1,,"",,1.7,1,,1,"",2014-12-03,"489998","",2015-01-14,"489998","OFFSET",,,2,1,,"1",2,1,"","",,,,,,,,
"1309020004","170083045020004","14424023000440","195829181020004",2012,60,1,10,1001,1,,2012,9,12,11.2,2,1,5,0,-14.291351,-170.729245,100,,,1,,"",,5.1,1,,1,"",2014-09-23,"489998","",2015-01-14,"489998","OFFSET",12,,1,4,,"9",3,1,"","",0,,,1,2,1,0,
"1310020004","170083045020004","14424023000440","195829211020004",2012,60,1,10,1002,2,,2012,9,1,11.3,2,1,,,-14.275058,-170.700988,100,,,1,,"",,5.1,1,,1,"",2014-09-23,"489998","",2015-01-14,"489998","OFFSET",,,2,4,,"8",3,1,"","",,,,,,,,
"1308020004","170083045020004","14424023000440","195829210020004",2012,60,1,10,1003,1,,2012,10,1,11.1,2,1,3,4,-14.306996,-170.704073,300,,,1,,"",,5.1,1,,1,"",2014-09-23,"489998","",2015-01-14,"489998","OFFSET",12,,1,4,,"7",3,1,"","",0,,,1,2,1,0,
"1307020004","170083045020004","14424023000440","195829173020004",2012,60,1,10,1004,2,,2012,9,1,11.2,2,1,,,-14.330315,-170.696813,0,,,1,,"",,5.1,1,,1,"",2014-09-23,"489998","",2015-01-14,"489998","OFFSET",,,2,4,,"10",3,1,"","",,,,,,,,
"1312020004","170083045020004","14424023000440","195829203020004",2012,60,1,10,1005,1,,2012,9,26,,1,1,6,0,-14.256022,-170.683193,900,,,1,,"",,5.1,1,,1,"",2014-09-23,"489998","",2015-01-14,"489998","OFFSET",12,,1,4,,"9",3,1,"","",0,,,1,2,1,0,
"1311020004","170083045020004","14424023000440","195829182020004",2012,60,1,10,1006,1,,2012,9,7,11.3,2,1,1,0,-14.283876,-170.677137,100,,,1,,"",,5.1,1,,1,"",2014-09-23,"489998","",2015-01-14,"489998","OFFSET",12,,1,4,,"9",3,1,"","",0,,,1,2,1,0,
"1313020004","170083045020004","14424023000440","195829200020004",2012,60,1,10,1007,1,,2012,9,28,11.3,2,1,4,1,-14.269756,-170.663104,500,,,1,,"",,5.1,1,,1,"",2014-09-23,"489998","",2015-01-14,"489998","OFFSET",12,,1,4,,"8",3,1,"","",0,,,1,2,1,0,
"1315020004","170083045020004","14424023000440","195829212020004",2012,60,1,10,1008,1,,2012,9,25,11.3,2,1,4,0,-14.250703,-170.631415,500,,,1,,"",,5.1,1,,1,"",2014-09-23,"489998","",2015-01-14,"489998","OFFSET",12,,1,4,,"9",3,1,"","",0,,,1,2,1,0,
"1317020004","170083045020004","14424023000440","195829201020004",2012,60,1,10,1010,1,,2012,9,8,11.2,2,1,2,1,-14.263174,-170.607083,100,,,1,,"",,5.1,1,,1,"",2014-09-23,"489998","",2015-01-14,"489998","OFFSET",12,,1,4,,"8",3,1,"","",0,,,1,2,1,0,
"1316020004","170083045020004","14424023000440","195829198020004",2012,60,1,10,1012,1,,2012,9,24,11.3,2,1,1,0,-14.282381,-170.552534,100,,,1,,"",,5.1,1,,1,"",2014-09-23,"489998","",2015-01-14,"489998","OFFSET",12,,1,4,,"9",3,1,"","",0,,,1,2,1,0,
"1321020004","170083045020004","14424023000440","195829213020004",2012,60,1,10,1013,1,,2012,9,26,11.4,2,1,1,6,-14.320009,-170.698074,0,,,1,,"",,5.1,1,,1,"",2014-09-23,"489998","",2015-01-14,"489998","OFFSET",12,,1,4,,"10",3,1,"","",0,,,1,2,1,0,
"1104020004","170083045020004","14424023000440","",2012,60,1,10,6014,2,,2012,9,1,,1,1,,,-14.219989,-170.71707,0,,,1,,"",,5.1,1,,1,"",2014-09-23,"489998","",2015-01-14,"489998","OFFSET",,,2,4,,"3",3,1,"","",,,,,,,,
"890020004","170083045020004","14424023000440","",2012,60,1,10,6017,2,,2012,9,1,,1,1,,,-14.309947,-170.692725,0,,,1,,"",,5.1,1,,1,"",2014-09-23,"489998","",2015-01-14,"489998","OFFSET",,,2,4,,"2",3,1,"","",,,,,,,,
"1076020004","170083045020004","14424023000440","",2012,60,1,10,6027,2,,2012,9,1,,1,1,,,-14.35473,-170.679539,0,,,1,,"",,5.1,1,,1,"",2014-09-23,"489998","",2015-01-14,"489998","OFFSET",,,2,4,,"3",3,1,"","",,,,,,,,
"870020004","170083045020004","14424023000440","",2012,60,1,10,6028,2,,2012,9,1,,1,1,,,-14.295605,-170.673961,0,,,1,,"",,5.1,1,,1,"",2014-09-23,"489998","",2015-01-14,"489998","OFFSET",,,2,4,,"1",3,1,"","",,,,,,,,
"1046020004","170083045020004","14424023000440","",2012,60,1,10,6030,2,,2012,9,1,,1,1,,,-14.331739,-170.622599,0,,,1,,"",,5.1,1,,1,"",2014-09-23,"489998","",2015-01-14,"489998","OFFSET",,,2,4,,"3",3,1,"","",,,,,,,,
"885020004","170083045020004","14424023000440","",2012,60,1,10,6040,2,,2012,9,1,,1,1,,,-14.310332,-170.520339,0,,,1,,"",,5.1,1,,1,"",2014-09-23,"489998","",2015-01-14,"489998","OFFSET",,,2,4,,"1",3,1,"","",,,,,,,,
"950020004","170083045020004","14424023000440","",2012,60,1,10,6043,2,,2012,9,1,,1,1,,,-14.322143,-170.509184,0,,,1,,"",,5.1,1,,1,"",2014-09-23,"489998","",2015-01-14,"489998","OFFSET",,,2,4,,"2",3,1,"","",,,,,,,,
"1068020004","170083045020004","14424023000440","",2012,60,1,10,6051,2,,2012,9,1,,1,1,,,-14.217732,-170.582017,0,,,1,,"",,5.1,1,,1,"",2014-09-23,"489998","",2015-01-14,"489998","OFFSET",,,2,4,,"3",3,1,"","",,,,,,,,
"895020004","170083045020004","14424023000440","",2012,60,1,10,6056,2,,2012,9,1,,1,1,,,-14.291994,-170.541014,0,,,1,,"",,5.1,1,,1,"",2014-09-23,"489998","",2015-01-14,"489998","OFFSET",,,2,4,,"2",3,1,"","",,,,,,,,
"1015020004","170083045020004","14424023000440","",2012,60,1,10,6061,2,,2012,9,1,,1,1,,,-14.2891,-170.512593,0,,,1,,"",,5.1,1,,1,"",2014-09-23,"489998","",2015-01-14,"489998","OFFSET",,,2,4,,"3",3,1,"","",,,,,,,,
"1082020004","170083045020004","14424023000440","",2012,60,1,10,6068,2,,2012,9,1,,1,1,,,-14.206831,-170.584984,0,,,1,,"",,5.1,1,,1,"",2014-09-23,"489998","",2015-01-14,"489998","OFFSET",,,2,4,,"3",3,1,"","",,,,,,,,
"969020004","170083045020004","14424023000440","",2012,60,1,10,6071,2,,2012,9,1,,1,1,,,-14.303689,-170.592523,0,,,1,,"",,5.1,1,,1,"",2014-09-23,"489998","",2015-01-14,"489998","OFFSET",,,2,4,,"2",3,1,"","",,,,,,,,
"889020004","170083045020004","14424023000440","",2012,60,1,10,6083,2,,2012,9,1,,1,1,,,-14.306137,-170.615137,0,,,1,,"",,5.1,1,,1,"",2014-09-23,"489998","",2015-01-14,"489998","OFFSET",,,2,4,,"1",3,1,"","",,,,,,,,
"850020004","170083045020004","14424023000440","",2012,60,1,10,6086,2,,2012,9,1,,1,1,,,-14.247709,-170.612708,0,,,1,,"",,5.1,1,,1,"",2014-09-23,"489998","",2015-01-14,"489998","OFFSET",,,2,4,,"2",3,1,"","",,,,,,,,
"1017020004","170083045020004","14424023000440","",2012,60,1,10,6098,2,,2012,9,1,,1,1,,,-14.194686,-170.679281,0,,,1,,"",,5.1,1,,1,"",2014-09-23,"489998","",2015-01-14,"489998","OFFSET",,,2,4,,"1",3,1,"","",,,,,,,,
"935020004","170083045020004","14424023000440","",2012,60,1,10,6100,2,,2012,9,1,,1,1,,,-14.233601,-170.685529,0,,,1,,"",,5.1,1,,1,"",2014-09-23,"489998","",2015-01-14,"489998","OFFSET",,,2,4,,"2",3,1,"","",,,,,,,,
"856020004","170083045020004","14424023000440","",2012,60,1,10,6103,2,,2012,9,1,,1,1,,,-14.205046,-170.706363,0,,,1,,"",,5.1,1,,1,"",2014-09-23,"489998","",2015-01-14,"489998","OFFSET",,,2,4,,"1",3,1,"","",,,,,,,,
"891020004","170083045020004","14424023000440","",2012,60,1,10,6104,2,,2012,9,1,,1,1,,,-14.236899,-170.734569,0,,,1,,"",,5.1,1,,1,"",2014-09-23,"489998","",2015-01-14,"489998","OFFSET",,,2,4,,"1",3,1,"","",,,,,,,,
"903020004","170083045020004","14424023000440","",2012,60,1,10,6138,2,,2012,9,1,,1,1,,,-14.280659,-170.757215,0,,,1,,"",,5.1,1,,1,"",2014-09-23,"489998","",2015-01-14,"489998","OFFSET",,,2,4,,"3",3,1,"","",,,,,,,,
"887020004","170083045020004","14424023000440","",2012,60,1,10,6148,2,,2012,9,1,,1,1,,,-14.23878,-170.665535,0,,,1,,"",,5.1,1,,1,"",2014-09-23,"489998","",2015-01-14,"489998","OFFSET",,,2,4,,"1",3,1,"","",,,,,,,,
"900020004","170083045020004","14424023000440","",2012,60,1,10,6176,2,,2012,9,1,,1,1,,,-14.200697,-170.64041,0,,,1,,"",,5.1,1,,1,"",2014-09-23,"489998","",2015-01-14,"489998","OFFSET",,,2,4,,"3",3,1,"","",,,,,,,,
"990020004","170083045020004","14424023000440","",2012,60,1,10,6193,2,,2012,9,1,,1,1,,,-14.281268,-170.512815,0,,,1,,"",,5.1,1,,1,"",2014-09-23,"489998","",2015-01-14,"489998","OFFSET",,,2,4,,"1",3,1,"","",,,,,,,,
"855020004","170083045020004","14424023000440","",2012,60,1,10,6233,2,,2012,9,1,,1,1,,,-14.298369,-170.543016,0,,,1,,"",,5.1,1,,1,"",2014-09-23,"489998","",2015-01-14,"489998","OFFSET",,,2,4,,"1",3,1,"","",,,,,,,,
"1239020004","170083045020004","14424023000440","",2012,60,1,10,6243,2,,2012,9,1,,1,1,,,-14.193084,-170.649378,0,,,1,,"",,5.1,1,,1,"",2014-09-23,"489998","",2015-01-14,"489998","OFFSET",,,2,4,,"2",3,1,"","",,,,,,,,
"1038020004","170083045020004","14424023000440","",2012,60,1,10,6244,2,,2012,9,1,,1,1,,,-14.270581,-170.53314,0,,,1,,"",,5.1,1,,1,"",2014-09-23,"489998","",2015-01-14,"489998","OFFSET",,,2,4,,"3",3,1,"","",,,,,,,,
"897020004","170083045020004","14424023000440","",2012,60,1,10,6253,2,,2012,9,1,,1,1,,,-14.266981,-170.748088,0,,,1,,"",,5.1,1,,1,"",2014-09-23,"489998","",2015-01-14,"489998","OFFSET",,,2,4,,"2",3,1,"","",,,,,,,,
"1023020004","170083045020004","14424023000440","",2012,60,1,10,6264,2,,2012,9,1,,1,1,,,-14.308295,-170.532258,0,,,1,,"",,5.1,1,,1,"",2014-09-23,"489998","",2015-01-14,"489998","OFFSET",,,2,4,,"3",3,1,"","",,,,,,,,
"958020004","170083045020004","14424023000440","",2012,60,1,10,6267,2,,2012,9,1,,1,1,,,-14.330061,-170.556939,0,,,1,,"",,5.1,1,,1,"",2014-09-23,"489998","",2015-01-14,"489998","OFFSET",,,2,4,,"3",3,1,"","",,,,,,,,
"951020004","170083045020004","14424023000440","",2012,60,1,10,6271,2,,2012,9,1,,1,1,,,-14.22559,-170.727517,0,,,1,,"",,5.1,1,,1,"",2014-09-23,"489998","",2015-01-14,"489998","OFFSET",,,2,4,,"2",3,1,"","",,,,,,,,
"926020004","170083045020004","14424023000440","",2012,60,1,10,6276,2,,2012,9,1,,1,1,,,-14.216363,-170.60679,0,,,1,,"",,5.1,1,,1,"",2014-09-23,"489998","",2015-01-14,"489998","OFFSET",,,2,4,,"3",3,1,"","",,,,,,,,
"911020004","170083045020004","14424023000440","",2012,60,1,10,6286,2,,2012,9,1,,1,1,,,-14.231231,-170.524304,0,,,1,,"",,5.1,1,,1,"",2014-09-23,"489998","",2015-01-14,"489998","OFFSET",,,2,4,,"1",3,1,"","",,,,,,,,
"1065020004","170083045020004","14424023000440","",2012,60,1,10,6295,2,,2012,9,1,,1,1,,,-14.233705,-170.599325,0,,,1,,"",,5.1,1,,1,"",2014-09-23,"489998","",2015-01-14,"489998","OFFSET",,,2,4,,"2",3,1,"","",,,,,,,,
"1020020004","170083045020004","14424023000440","",2012,60,1,10,6298,2,,2012,9,1,,1,1,,,-14.244738,-170.553166,0,,,1,,"",,5.1,1,,1,"",2014-09-23,"489998","",2015-01-14,"489998","OFFSET",,,2,4,,"3",3,1,"","",,,,,,,,
"866020004","170083045020004","14424023000440","",2012,60,1,10,6300,2,,2012,9,1,,1,1,,,-14.319222,-170.628687,0,,,1,,"",,5.1,1,,1,"",2014-09-23,"489998","",2015-01-14,"489998","OFFSET",,,2,4,,"1",3,1,"","",,,,,,,,
"928020004","170083045020004","14424023000440","",2012,60,1,10,6306,2,,2012,9,1,,1,1,,,-14.218773,-170.57649,0,,,1,,"",,5.1,1,,1,"",2014-09-23,"489998","",2015-01-14,"489998","OFFSET",,,2,4,,"1",3,1,"","",,,,,,,,
"838020004","170083045020004","14424023000440","",2012,60,1,10,6324,2,,2012,9,1,,1,1,,,-14.213917,-170.613221,0,,,1,,"",,5.1,1,,1,"",2014-09-23,"489998","",2015-01-14,"489998","OFFSET",,,2,4,,"1",3,1,"","",,,,,,,,
"985020004","170083045020004","14424023000440","",2012,60,1,10,6343,2,,2012,9,1,,1,1,,,-14.184534,-170.639608,0,,,1,,"",,5.1,1,,1,"",2014-09-23,"489998","",2015-01-14,"489998","OFFSET",,,2,4,,"1",3,1,"","",,,,,,,,
"868020004","170083045020004","14424023000440","",2012,60,1,10,6365,2,,2012,9,1,,1,1,,,-14.225007,-170.669513,0,,,1,,"",,5.1,1,,1,"",2014-09-23,"489998","",2015-01-14,"489998","OFFSET",,,2,4,,"2",3,1,"","",,,,,,,,
"1034020004","170083045020004","14424023000440","",2012,60,1,10,6369,2,,2012,9,1,,1,1,,,-14.199486,-170.560765,0,,,1,,"",,5.1,1,,1,"",2014-09-23,"489998","",2015-01-14,"489998","OFFSET",,,2,4,,"2",3,1,"","",,,,,,,,
"881020004","170083045020004","14424023000440","",2012,60,1,10,6377,2,,2012,9,1,,1,1,,,-14.311647,-170.588802,0,,,1,,"",,5.1,1,,1,"",2014-09-23,"489998","",2015-01-14,"489998","OFFSET",,,2,4,,"2",3,1,"","",,,,,,,,
"862020004","170083045020004","14424023000440","",2012,60,1,10,6381,2,,2012,9,1,,1,1,,,-14.34117,-170.656303,0,,,1,,"",,5.1,1,,1,"",2014-09-23,"489998","",2015-01-14,"489998","OFFSET",,,2,4,,"1",3,1,"","",,,,,,,,
"997020004","170083045020004","14424023000440","",2012,60,1,10,6383,2,,2012,9,1,,1,1,,,-14.247548,-170.69386,0,,,1,,"",,5.1,1,,1,"",2014-09-23,"489998","",2015-01-14,"489998","OFFSET",,,2,4,,"3",3,1,"","",,,,,,,,
"878020004","170083045020004","14424023000440","",2012,60,1,10,6394,2,,2012,9,1,,1,1,,,-14.225869,-170.622326,0,,,1,,"",,5.1,1,,1,"",2014-09-23,"489998","",2015-01-14,"489998","OFFSET",,,2,4,,"2",3,1,"","",,,,,,,,
"835020004","170083045020004","14424023000440","",2012,60,1,10,6402,2,,2012,9,1,,1,1,,,-14.212508,-170.650671,0,,,1,,"",,5.1,1,,1,"",2014-09-23,"489998","",2015-01-14,"489998","OFFSET",,,2,4,,"1",3,1,"","",,,,,,,,
"929020004","170083045020004","14424023000440","",2012,60,1,10,6406,2,,2012,9,1,,1,1,,,-14.339515,-170.666642,0,,,1,,"",,5.1,1,,1,"",2014-09-23,"489998","",2015-01-14,"489998","OFFSET",,,2,4,,"2",3,1,"","",,,,,,,,
"840020004","170083045020004","14424023000440","",2012,60,1,10,6407,2,,2012,9,1,,1,1,,,-14.271045,-170.769636,0,,,1,,"",,5.1,1,,1,"",2014-09-23,"489998","",2015-01-14,"489998","OFFSET",,,2,4,,"2",3,1,"","",,,,,,,,
"999020004","170083045020004","14424023000440","",2012,60,1,10,6421,2,,2012,9,1,,1,1,,,-14.320632,-170.616969,0,,,1,,"",,5.1,1,,1,"",2014-09-23,"489998","",2015-01-14,"489998","OFFSET",,,2,4,,"2",3,1,"","",,,,,,,,
"1009020004","170083045020004","14424023000440","",2012,60,1,10,6424,2,,2012,9,1,,1,1,,,-14.246729,-170.541053,0,,,1,,"",,5.1,1,,1,"",2014-09-23,"489998","",2015-01-14,"489998","OFFSET",,,2,4,,"2",3,1,"","",,,,,,,,
"847020004","170083045020004","14424023000440","",2012,60,1,10,6433,2,,2012,9,1,,1,1,,,-14.242738,-170.641124,0,,,1,,"",,5.1,1,,1,"",2014-09-23,"489998","",2015-01-14,"489998","OFFSET",,,2,4,,"1",3,1,"","",,,,,,,,
"1005020004","170083045020004","14424023000440","",2012,60,1,10,6435,2,,2012,9,1,,1,1,,,-14.299742,-170.498095,0,,,1,,"",,5.1,1,,1,"",2014-09-23,"489998","",2015-01-14,"489998","OFFSET",,,2,4,,"2",3,1,"","",,,,,,,,
"861020004","170083045020004","14424023000440","",2012,60,1,10,6448,2,,2012,9,1,,1,1,,,-14.310793,-170.554614,0,,,1,,"",,5.1,1,,1,"",2014-09-23,"489998","",2015-01-14,"489998","OFFSET",,,2,4,,"1",3,1,"","",,,,,,,,
"937020004","170083045020004","14424023000440","",2012,60,1,10,6451,2,,2012,9,1,,1,1,,,-14.255666,-170.742435,0,,,1,,"",,5.1,1,,1,"",2014-09-23,"489998","",2015-01-14,"489998","OFFSET",,,2,4,,"3",3,1,"","",,,,,,,,
"916020004","170083045020004","14424023000440","",2012,60,1,10,6453,2,,2012,9,1,,1,1,,,-14.306721,-170.659861,0,,,1,,"",,5.1,1,,1,"",2014-09-23,"489998","",2015-01-14,"489998","OFFSET",,,2,4,,"2",3,1,"","",,,,,,,,
"1296020004","170083045020004","14424020000440","195829207020004",2012,60,1,20,2002,1,,2012,9,15,10.8,2,1,6,0,-14.239032,-169.503426,300,,,1,,"",,5.1,1,,1,"",2014-09-23,"489998","",2015-01-14,"489998","OFFSET",12,,1,4,,"9",3,1,"","",0,,,1,2,1,0,
"1293020004","170083045020004","14424020000440","195829202020004",2012,60,1,20,2003,1,,2012,9,15,10.7,2,1,7,0,-14.266062,-169.488965,100,,,1,,"",,5.1,1,,1,"",2014-09-23,"489998","",2015-01-14,"489998","OFFSET",12,,1,4,,"9",3,1,"","",0,,,1,2,1,0,
"1294020004","170083045020004","14424020000440","",2012,60,1,20,2004,3,3,2012,9,20,,1,1,,,-14.249826,-169.4729,1100,,,1,,"",,5.1,1,,1,"",2014-09-23,"489998","",2015-01-14,"489998","OFFSET",12,,1,4,,"8",3,1,"","",0,,,1,2,1,0,
"1295020004","170083045020004","14424020000440","195829206020004",2012,60,1,20,2006,1,,2012,9,18,10.8,2,1,1,0,-14.244737,-169.424335,36,,,1,,"",,5.1,1,,1,"",2015-01-09,"489998","",2015-01-14,"489998","OFFSET",12,,1,4,,"9",3,1,"","",0,,,1,2,1,0,
"908020004","170083045020004","14424020000440","",2012,60,1,20,6001,2,,2012,9,1,,1,1,,,-14.260155,-169.460931,0,,,1,,"",,5.1,1,,1,"",2014-09-23,"489998","",2015-01-14,"489998","OFFSET",,,2,4,,"2",3,1,"","",,,,,,,,
"848020004","170083045020004","14424020000440","",2012,60,1,20,6002,2,,2012,9,1,,1,1,,,-14.247431,-169.501725,0,,,1,,"",,5.1,1,,1,"",2014-09-23,"489998","",2015-01-14,"489998","OFFSET",,,2,4,,"2",3,1,"","",,,,,,,,
"1000020004","170083045020004","14424020000440","",2012,60,1,20,6009,2,,2012,9,1,,1,1,,,-14.1841,-169.377102,0,,,1,,"",,5.1,1,,1,"",2014-09-23,"489998","",2015-01-14,"489998","OFFSET",,,2,4,,"3",3,1,"","",,,,,,,,
"1090020004","170083045020004","14424020000440","",2012,60,1,20,6010,2,,2012,9,1,,1,1,,,-14.31996,-169.471705,0,,,1,,"",,5.1,1,,1,"",2014-09-23,"489998","",2015-01-14,"489998","OFFSET",,,2,4,,"2",3,1,"","",,,,,,,,
"1219020004","170083045020004","14424020000440","",2012,60,1,20,6015,2,,2012,9,1,,1,1,,,-14.16832,-169.438555,0,,,1,,"",,5.1,1,,1,"",2014-09-23,"489998","",2015-01-14,"489998","OFFSET",,,2,4,,"2",3,1,"","",,,,,,,,
"923020004","170083045020004","14424020000440","",2012,60,1,20,6018,2,,2012,9,1,,1,1,,,-14.159802,-169.698963,0,,,1,,"",,5.1,1,,1,"",2014-09-23,"489998","",2015-01-14,"489998","OFFSET",,,2,4,,"1",3,1,"","",,,,,,,,
"1002020004","170083045020004","14424020000440","",2012,60,1,20,6021,2,,2012,9,1,,1,1,,,-14.189527,-169.37366,0,,,1,,"",,5.1,1,,1,"",2014-09-23,"489998","",2015-01-14,"489998","OFFSET",,,2,4,,"1",3,1,"","",,,,,,,,
"1240020004","170083045020004","14424020000440","",2012,60,1,20,6023,2,,2012,9,1,,1,1,,,-14.286145,-169.51664,0,,,1,,"",,5.1,1,,1,"",2014-09-23,"489998","",2015-01-14,"489998","OFFSET",,,2,4,,"1",3,1,"","",,,,,,,,
"1138020004","170083045020004","14424020000440","",2012,60,1,20,6038,2,,2012,9,1,,1,1,,,-14.176338,-169.48277,0,,,1,,"",,5.1,1,,1,"",2014-09-23,"489998","",2015-01-14,"489998","OFFSET",,,2,4,,"3",3,1,"","",,,,,,,,
"1133020004","170083045020004","14424020000440","",2012,60,1,20,6041,2,,2012,9,1,,1,1,,,-14.186807,-169.527999,0,,,1,,"",,5.1,1,,1,"",2014-09-23,"489998","",2015-01-14,"489998","OFFSET",,,2,4,,"3",3,1,"","",,,,,,,,
"941020004","170083045020004","14424020000440","",2012,60,1,20,6050,2,,2012,9,1,,1,1,,,-14.154722,-169.678162,0,,,1,,"",,5.1,1,,1,"",2014-09-23,"489998","",2015-01-14,"489998","OFFSET",,,2,4,,"3",3,1,"","",,,,,,,,
"854020004","170083045020004","14424020000440","",2012,60,1,20,6055,2,,2012,9,1,,1,1,,,-14.192142,-169.468172,0,,,1,,"",,5.1,1,,1,"",2014-09-23,"489998","",2015-01-14,"489998","OFFSET",,,2,4,,"2",3,1,"","",,,,,,,,
"921020004","170083045020004","14424020000440","",2012,60,1,20,6063,2,,2012,9,1,,1,1,,,-14.288057,-169.458262,0,,,1,,"",,5.1,1,,1,"",2014-09-23,"489998","",2015-01-14,"489998","OFFSET",,,2,4,,"2",3,1,"","",,,,,,,,
"920020004","170083045020004","14424020000440","",2012,60,1,20,6069,2,,2012,9,1,,1,1,,,-14.301194,-169.481108,0,,,1,,"",,5.1,1,,1,"",2014-09-23,"489998","",2015-01-14,"489998","OFFSET",,,2,4,,"2",3,1,"","",,,,,,,,
"872020004","170083045020004","14424020000440","",2012,60,1,20,6070,2,,2012,9,1,,1,1,,,-14.111038,-169.61275,0,,,1,,"",,5.1,1,,1,"",2014-09-23,"489998","",2015-01-14,"489998","OFFSET",,,2,4,,"2",3,1,"","",,,,,,,,
"995020004","170083045020004","14424020000440","",2012,60,1,20,6077,2,,2012,9,1,,1,1,,,-14.295118,-169.417051,0,,,1,,"",,5.1,1,,1,"",2014-09-23,"489998","",2015-01-14,"489998","OFFSET",,,2,4,,"1",3,1,"","",,,,,,,,
"852020004","170083045020004","14424020000440","",2012,60,1,20,6079,2,,2012,9,1,,1,1,,,-14.256082,-169.531073,0,,,1,,"",,5.1,1,,1,"",2014-09-23,"489998","",2015-01-14,"489998","OFFSET",,,2,4,,"3",3,1,"","",,,,,,,,
"1052020004","170083045020004","14424020000440","",2012,60,1,20,6081,2,,2012,9,1,,1,1,,,-14.226667,-169.682213,0,,,1,,"",,5.1,1,,1,"",2014-09-23,"489998","",2015-01-14,"489998","OFFSET",,,2,4,,"3",3,1,"","",,,,,,,,
"1230020004","170083045020004","14424020000440","",2012,60,1,20,6082,2,,2012,9,1,,1,1,,,-14.309784,-169.428273,0,,,1,,"",,5.1,1,,1,"",2014-09-23,"489998","",2015-01-14,"489998","OFFSET",,,2,4,,"3",3,1,"","",,,,,,,,
"907020004","170083045020004","14424020000440","",2012,60,1,20,6087,2,,2012,9,1,,1,1,,,-14.192676,-169.576735,0,,,1,,"",,5.1,1,,1,"",2014-09-23,"489998","",2015-01-14,"489998","OFFSET",,,2,4,,"2",3,1,"","",,,,,,,,
"1061020004","170083045020004","14424020000440","",2012,60,1,20,6092,2,,2012,9,1,,1,1,,,-14.235094,-169.377339,0,,,1,,"",,5.1,1,,1,"",2014-09-23,"489998","",2015-01-14,"489998","OFFSET",,,2,4,,"3",3,1,"","",,,,,,,,
"1042020004","170083045020004","14424020000440","",2012,60,1,20,6096,2,,2012,9,1,,1,1,,,-14.252913,-169.416113,0,,,1,,"",,5.1,1,,1,"",2014-09-23,"489998","",2015-01-14,"489998","OFFSET",,,2,4,,"3",3,1,"","",,,,,,,,
"888020004","170083045020004","14424020000440","",2012,60,1,20,6105,2,,2012,9,1,,1,1,,,-14.226518,-169.417718,0,,,1,,"",,5.1,1,,1,"",2014-09-23,"489998","",2015-01-14,"489998","OFFSET",,,2,4,,"1",3,1,"","",,,,,,,,
"930020004","170083045020004","14424020000440","",2012,60,1,20,6107,2,,2012,9,1,,1,1,,,-14.199837,-169.650531,0,,,1,,"",,5.1,1,,1,"",2014-09-23,"489998","",2015-01-14,"489998","OFFSET",,,2,4,,"2",3,1,"","",,,,,,,,
"936020004","170083045020004","14424020000440","",2012,60,1,20,6108,2,,2012,9,1,,1,1,,,-14.151753,-169.694558,0,,,1,,"",,5.1,1,,1,"",2014-09-23,"489998","",2015-01-14,"489998","OFFSET",,,2,4,,"2",3,1,"","",,,,,,,,
"859020004","170083045020004","14424020000440","",2012,60,1,20,6110,2,,2012,9,1,,1,1,,,-14.159005,-169.645094,0,,,1,,"",,5.1,1,,1,"",2014-09-23,"489998","",2015-01-14,"489998","OFFSET",,,2,4,,"1",3,1,"","",,,,,,,,
"842020004","170083045020004","14424020000440","",2012,60,1,20,6111,2,,2012,9,1,,1,1,,,-14.229734,-169.635822,0,,,1,,"",,5.1,1,,1,"",2014-09-23,"489998","",2015-01-14,"489998","OFFSET",,,2,4,,"1",3,1,"","",,,,,,,,
"988020004","170083045020004","14424020000440","",2012,60,1,20,6114,2,,2012,9,1,,1,1,,,-14.139822,-169.712586,0,,,1,,"",,5.1,1,,1,"",2014-09-23,"489998","",2015-01-14,"489998","OFFSET",,,2,4,,"3",3,1,"","",,,,,,,,
"975020004","170083045020004","14424020000440","",2012,60,1,20,6117,2,,2012,9,1,,1,1,,,-14.211187,-169.409927,0,,,1,,"",,5.1,1,,1,"",2014-09-23,"489998","",2015-01-14,"489998","OFFSET",,,2,4,,"2",3,1,"","",,,,,,,,
"1047020004","170083045020004","14424020000440","",2012,60,1,20,6123,2,,2012,9,1,,1,1,,,-14.24906,-169.381988,0,,,1,,"",,5.1,1,,1,"",2014-09-23,"489998","",2015-01-14,"489998","OFFSET",,,2,4,,"2",3,1,"","",,,,,,,,
"953020004","170083045020004","14424020000440","",2012,60,1,20,6137,2,,2012,9,1,,1,1,,,-14.291675,-169.508947,0,,,1,,"",,5.1,1,,1,"",2014-09-23,"489998","",2015-01-14,"489998","OFFSET",,,2,4,,"3",3,1,"","",,,,,,,,
"931020004","170083045020004","14424020000440","",2012,60,1,20,6140,2,,2012,9,1,,1,1,,,-14.228415,-169.663281,0,,,1,,"",,5.1,1,,1,"",2014-09-23,"489998","",2015-01-14,"489998","OFFSET",,,2,4,,"3",3,1,"","",,,,,,,,
"980020004","170083045020004","14424020000440","",2012,60,1,20,6141,2,,2012,9,1,,1,1,,,-14.303279,-169.518207,0,,,1,,"",,5.1,1,,1,"",2014-09-23,"489998","",2015-01-14,"489998","OFFSET",,,2,4,,"1",3,1,"","",,,,,,,,
"1212020004","170083045020004","14424020000440","",2012,60,1,20,6142,2,,2012,9,1,,1,1,,,-14.119993,-169.69167,0,,,1,,"",,5.1,1,,1,"",2014-09-23,"489998","",2015-01-14,"489998","OFFSET",,,2,4,,"2",3,1,"","",,,,,,,,
"949020004","170083045020004","14424020000440","",2012,60,1,20,6144,2,,2012,9,1,,1,1,,,-14.192846,-169.51222,0,,,1,,"",,5.1,1,,1,"",2014-09-23,"489998","",2015-01-14,"489998","OFFSET",,,2,4,,"2",3,1,"","",,,,,,,,
"880020004","170083045020004","14424020000440","",2012,60,1,20,6149,2,,2012,9,1,,1,1,,,-14.194336,-169.619636,0,,,1,,"",,5.1,1,,1,"",2014-09-23,"489998","",2015-01-14,"489998","OFFSET",,,2,4,,"3",3,1,"","",,,,,,,,
"1081020004","170083045020004","14424020000440","",2012,60,1,20,6152,2,,2012,9,1,,1,1,,,-14.170619,-169.475487,0,,,1,,"",,5.1,1,,1,"",2014-09-23,"489998","",2015-01-14,"489998","OFFSET",,,2,4,,"2",3,1,"","",,,,,,,,
"901020004","170083045020004","14424020000440","",2012,60,1,20,6155,2,,2012,9,1,,1,1,,,-14.176362,-169.721082,0,,,1,,"",,5.1,1,,1,"",2014-09-23,"489998","",2015-01-14,"489998","OFFSET",,,2,4,,"1",3,1,"","",,,,,,,,
"927020004","170083045020004","14424020000440","",2012,60,1,20,6160,2,,2012,9,1,,1,1,,,-14.227068,-169.5605,0,,,1,,"",,5.1,1,,1,"",2014-09-23,"489998","",2015-01-14,"489998","OFFSET",,,2,4,,"2",3,1,"","",,,,,,,,
"977020004","170083045020004","14424020000440","",2012,60,1,20,6162,2,,2012,9,1,,1,1,,,-14.212248,-169.675351,0,,,1,,"",,5.1,1,,1,"",2014-09-23,"489998","",2015-01-14,"489998","OFFSET",,,2,4,,"1",3,1,"","",,,,,,,,
"1062020004","170083045020004","14424020000440","",2012,60,1,20,6171,2,,2012,9,1,,1,1,,,-14.192104,-169.716887,0,,,1,,"",,5.1,1,,1,"",2014-09-23,"489998","",2015-01-14,"489998","OFFSET",,,2,4,,"3",3,1,"","",,,,,,,,
"1007020004","170083045020004","14424020000440","",2012,60,1,20,6197,2,,2012,9,1,,1,1,,,-14.207283,-169.561775,0,,,1,,"",,5.1,1,,1,"",2014-09-23,"489998","",2015-01-14,"489998","OFFSET",,,2,4,,"3",3,1,"","",,,,,,,,
"879020004","170083045020004","14424020000440","",2012,60,1,20,6199,2,,2012,9,1,,1,1,,,-14.192894,-169.678219,0,,,1,,"",,5.1,1,,1,"",2014-09-23,"489998","",2015-01-14,"489998","OFFSET",,,2,4,,"2",3,1,"","",,,,,,,,
"905020004","170083045020004","14424020000440","",2012,60,1,20,6200,2,,2012,9,1,,1,1,,,-14.170932,-169.425879,0,,,1,,"",,5.1,1,,1,"",2014-09-23,"489998","",2015-01-14,"489998","OFFSET",,,2,4,,"1",3,1,"","",,,,,,,,
"961020004","170083045020004","14424020000440","",2012,60,1,20,6215,2,,2012,9,1,,1,1,,,-14.113565,-169.648888,0,,,1,,"",,5.1,1,,1,"",2014-09-23,"489998","",2015-01-14,"489998","OFFSET",,,2,4,,"1",3,1,"","",,,,,,,,
"849020004","170083045020004","14424020000440","",2012,60,1,20,6226,2,,2012,9,1,,1,1,,,-14.155253,-169.619119,0,,,1,,"",,5.1,1,,1,"",2014-09-23,"489998","",2015-01-14,"489998","OFFSET",,,2,4,,"1",3,1,"","",,,,,,,,
"1233020004","170083045020004","14424020000440","",2012,60,1,20,6236,2,,2012,9,1,,1,1,,,-14.137,-169.578805,0,,,1,,"",,5.1,1,,1,"",2014-09-23,"489998","",2015-01-14,"489998","OFFSET",,,2,4,,"3",3,1,"","",,,,,,,,
"986020004","170083045020004","14424020000440","",2012,60,1,20,6241,2,,2012,9,1,,1,1,,,-14.173958,-169.554516,0,,,1,,"",,5.1,1,,1,"",2014-09-23,"489998","",2015-01-14,"489998","OFFSET",,,2,4,,"1",3,1,"","",,,,,,,,
"1154020004","170083045020004","14424020000440","",2012,60,1,20,6254,2,,2012,9,1,,1,1,,,-14.115958,-169.683236,0,,,1,,"",,5.1,1,,1,"",2014-09-23,"489998","",2015-01-14,"489998","OFFSET",,,2,4,,"1",3,1,"","",,,,,,,,
"909020004","170083045020004","14424020000440","",2012,60,1,20,6269,2,,2012,9,1,,1,1,,,-14.153022,-169.580718,0,,,1,,"",,5.1,1,,1,"",2014-09-23,"489998","",2015-01-14,"489998","OFFSET",,,2,4,,"3",3,1,"","",,,,,,,,
"982020004","170083045020004","14424020000440","",2012,60,1,20,6277,2,,2012,9,1,,1,1,,,-14.200579,-169.706227,0,,,1,,"",,5.1,1,,1,"",2014-09-23,"489998","",2015-01-14,"489998","OFFSET",,,2,4,,"2",3,1,"","",,,,,,,,
"1043020004","170083045020004","14424020000440","",2012,60,1,20,6278,2,,2012,9,1,,1,1,,,-14.106489,-169.601224,0,,,1,,"",,5.1,1,,1,"",2014-09-23,"489998","",2015-01-14,"489998","OFFSET",,,2,4,,"1",3,1,"","",,,,,,,,
"1122020004","170083045020004","14424020000440","",2012,60,1,20,6284,2,,2012,9,1,,1,1,,,-14.183061,-169.544187,0,,,1,,"",,5.1,1,,1,"",2014-09-23,"489998","",2015-01-14,"489998","OFFSET",,,2,4,,"2",3,1,"","",,,,,,,,
"1014020004","170083045020004","14424020000440","",2012,60,1,20,6292,2,,2012,9,1,,1,1,,,-14.304334,-169.41016,0,,,1,,"",,5.1,1,,1,"",2014-09-23,"489998","",2015-01-14,"489998","OFFSET",,,2,4,,"2",3,1,"","",,,,,,,,
"917020004","170083045020004","14424020000440","",2012,60,1,20,6293,2,,2012,9,1,,1,1,,,-14.184282,-169.409809,0,,,1,,"",,5.1,1,,1,"",2014-09-23,"489998","",2015-01-14,"489998","OFFSET",,,2,4,,"1",3,1,"","",,,,,,,,
"959020004","170083045020004","14424020000440","",2012,60,1,20,6297,2,,2012,9,1,,1,1,,,-14.235285,-169.621741,0,,,1,,"",,5.1,1,,1,"",2014-09-23,"489998","",2015-01-14,"489998","OFFSET",,,2,4,,"1",3,1,"","",,,,,,,,
"1012020004","170083045020004","14424020000440","",2012,60,1,20,6307,2,,2012,9,1,,1,1,,,-14.216237,-169.583812,0,,,1,,"",,5.1,1,,1,"",2014-09-23,"489998","",2015-01-14,"489998","OFFSET",,,2,4,,"2",3,1,"","",,,,,,,,
"893020004","170083045020004","14424020000440","",2012,60,1,20,6312,2,,2012,9,1,,1,1,,,-14.203161,-169.538537,0,,,1,,"",,5.1,1,,1,"",2014-09-23,"489998","",2015-01-14,"489998","OFFSET",,,2,4,,"1",3,1,"","",,,,,,,,
"976020004","170083045020004","14424020000440","",2012,60,1,20,6317,2,,2012,9,1,,1,1,,,-14.271893,-169.40315,0,,,1,,"",,5.1,1,,1,"",2014-09-23,"489998","",2015-01-14,"489998","OFFSET",,,2,4,,"3",3,1,"","",,,,,,,,
"1025020004","170083045020004","14424020000440","",2012,60,1,20,6325,2,,2012,9,1,,1,1,,,-14.277682,-169.421931,0,,,1,,"",,5.1,1,,1,"",2014-09-23,"489998","",2015-01-14,"489998","OFFSET",,,2,4,,"3",3,1,"","",,,,,,,,
"873020004","170083045020004","14424020000440","",2012,60,1,20,6327,2,,2012,9,1,,1,1,,,-14.209448,-169.471443,0,,,1,,"",,5.1,1,,1,"",2014-09-23,"489998","",2015-01-14,"489998","OFFSET",,,2,4,,"3",3,1,"","",,,,,,,,
"968020004","170083045020004","14424020000440","",2012,60,1,20,6329,2,,2012,9,1,,1,1,,,-14.203151,-169.497336,0,,,1,,"",,5.1,1,,1,"",2014-09-23,"489998","",2015-01-14,"489998","OFFSET",,,2,4,,"3",3,1,"","",,,,,,,,
"865020004","170083045020004","14424020000440","",2012,60,1,20,6332,2,,2012,9,1,,1,1,,,-14.182388,-169.661931,0,,,1,,"",,5.1,1,,1,"",2014-09-23,"489998","",2015-01-14,"489998","OFFSET",,,2,4,,"1",3,1,"","",,,,,,,,
"1067020004","170083045020004","14424020000440","",2012,60,1,20,6336,2,,2012,9,1,,1,1,,,-14.123099,-169.569095,0,,,1,,"",,5.1,1,,1,"",2014-09-23,"489998","",2015-01-14,"489998","OFFSET",,,2,4,,"2",3,1,"","",,,,,,,,
"876020004","170083045020004","14424020000440","",2012,60,1,20,6344,2,,2012,9,1,,1,1,,,-14.127626,-169.638054,0,,,1,,"",,5.1,1,,1,"",2014-09-23,"489998","",2015-01-14,"489998","OFFSET",,,2,4,,"2",3,1,"","",,,,,,,,
"906020004","170083045020004","14424020000440","",2012,60,1,20,6345,2,,2012,9,1,,1,1,,,-14.144764,-169.620688,0,,,1,,"",,5.1,1,,1,"",2014-09-23,"489998","",2015-01-14,"489998","OFFSET",,,2,4,,"3",3,1,"","",,,,,,,,
"1032020004","170083045020004","14424020000440","",2012,60,1,20,6351,2,,2012,9,1,,1,1,,,-14.241972,-169.546551,0,,,1,,"",,5.1,1,,1,"",2014-09-23,"489998","",2015-01-14,"489998","OFFSET",,,2,4,,"2",3,1,"","",,,,,,,,
"1040020004","170083045020004","14424020000440","",2012,60,1,20,6353,2,,2012,9,1,,1,1,,,-14.174552,-169.497837,0,,,1,,"",,5.1,1,,1,"",2014-09-23,"489998","",2015-01-14,"489998","OFFSET",,,2,4,,"1",3,1,"","",,,,,,,,
"837020004","170083045020004","14424020000440","",2012,60,1,20,6356,2,,2012,9,1,,1,1,,,-14.24576,-169.530923,0,,,1,,"",,5.1,1,,1,"",2014-09-23,"489998","",2015-01-14,"489998","OFFSET",,,2,4,,"1",3,1,"","",,,,,,,,
"836020004","170083045020004","14424020000440","",2012,60,1,20,6368,2,,2012,9,1,,1,1,,,-14.19504,-169.629879,0,,,1,,"",,5.1,1,,1,"",2014-09-23,"489998","",2015-01-14,"489998","OFFSET",,,2,4,,"1",3,1,"","",,,,,,,,
"869020004","170083045020004","14424020000440","",2012,60,1,20,6374,2,,2012,9,1,,1,1,,,-14.242397,-169.565153,0,,,1,,"",,5.1,1,,1,"",2014-09-23,"489998","",2015-01-14,"489998","OFFSET",,,2,4,,"1",3,1,"","",,,,,,,,
"839020004","170083045020004","14424020000440","",2012,60,1,20,6393,2,,2012,9,1,,1,1,,,-14.300303,-169.46464,0,,,1,,"",,5.1,1,,1,"",2014-09-23,"489998","",2015-01-14,"489998","OFFSET",,,2,4,,"1",3,1,"","",,,,,,,,
"938020004","170083045020004","14424020000440","",2012,60,1,20,6396,2,,2012,9,1,,1,1,,,-14.262469,-169.375867,0,,,1,,"",,5.1,1,,1,"",2014-09-23,"489998","",2015-01-14,"489998","OFFSET",,,2,4,,"2",3,1,"","",,,,,,,,
"1022020004","170083045020004","14424020000440","",2012,60,1,20,6400,2,,2012,9,1,,1,1,,,-14.221666,-169.61579,0,,,1,,"",,5.1,1,,1,"",2014-09-23,"489998","",2015-01-14,"489998","OFFSET",,,2,4,,"3",3,1,"","",,,,,,,,
"1056020004","170083045020004","14424020000440","",2012,60,1,20,6404,2,,2012,9,1,,1,1,,,-14.146497,-169.567053,0,,,1,,"",,5.1,1,,1,"",2014-09-23,"489998","",2015-01-14,"489998","OFFSET",,,2,4,,"1",3,1,"","",,,,,,,,
"898020004","170083045020004","14424020000440","",2012,60,1,20,6408,2,,2012,9,1,,1,1,,,-14.256906,-169.446177,0,,,1,,"",,5.1,1,,1,"",2014-09-23,"489998","",2015-01-14,"489998","OFFSET",,,2,4,,"1",3,1,"","",,,,,,,,
"974020004","170083045020004","14424020000440","",2012,60,1,20,6412,2,,2012,9,1,,1,1,,,-14.239888,-169.407555,0,,,1,,"",,5.1,1,,1,"",2014-09-23,"489998","",2015-01-14,"489998","OFFSET",,,2,4,,"2",3,1,"","",,,,,,,,
"902020004","170083045020004","14424020000440","",2012,60,1,20,6413,2,,2012,9,1,,1,1,,,-14.181507,-169.699347,0,,,1,,"",,5.1,1,,1,"",2014-09-23,"489998","",2015-01-14,"489998","OFFSET",,,2,4,,"2",3,1,"","",,,,,,,,
"1100020004","170083045020004","14424020000440","",2012,60,1,20,6416,2,,2012,9,1,,1,1,,,-14.257023,-169.552814,0,,,1,,"",,5.1,1,,1,"",2014-09-23,"489998","",2015-01-14,"489998","OFFSET",,,2,4,,"3",3,1,"","",,,,,,,,
"964020004","170083045020004","14424020000440","",2012,60,1,20,6422,2,,2012,9,1,,1,1,,,-14.238656,-169.600752,0,,,1,,"",,5.1,1,,1,"",2014-09-23,"489998","",2015-01-14,"489998","OFFSET",,,2,4,,"1",3,1,"","",,,,,,,,
"843020004","170083045020004","14424020000440","",2012,60,1,20,6440,2,,2012,9,1,,1,1,,,-14.177609,-169.591232,0,,,1,,"",,5.1,1,,1,"",2014-09-23,"489998","",2015-01-14,"489998","OFFSET",,,2,4,,"1",3,1,"","",,,,,,,,
"998020004","170083045020004","14424020000440","",2012,60,1,20,6443,2,,2012,9,1,,1,1,,,-14.207299,-169.381704,0,,,1,,"",,5.1,1,,1,"",2014-09-23,"489998","",2015-01-14,"489998","OFFSET",,,2,4,,"1",3,1,"","",,,,,,,,
"904020004","170083045020004","14424020000440","",2012,60,1,20,6449,2,,2012,9,1,,1,1,,,-14.141545,-169.640694,0,,,1,,"",,5.1,1,,1,"",2014-09-23,"489998","",2015-01-14,"489998","OFFSET",,,2,4,,"3",3,1,"","",,,,,,,,
"863020004","170083045020004","14424020000440","",2012,60,1,20,6456,2,,2012,9,1,,1,1,,,-14.287974,-169.477204,0,,,1,,"",,5.1,1,,1,"",2014-09-23,"489998","",2015-01-14,"489998","OFFSET",,,2,4,,"1",3,1,"","",,,,,,,,
"925020004","170083045020004","14424020000440","",2012,60,1,20,6458,2,,2012,9,1,,1,1,,,-14.254369,-169.394305,0,,,1,,"",,5.1,1,,1,"",2014-09-23,"489998","",2015-01-14,"489998","OFFSET",,,2,4,,"1",3,1,"","",,,,,,,,
"1428020004","170083045020004","14424020000440","",2012,60,1,20,7006,1,,2012,9,19,,3,1,7,0,-14.228702,-169.453941,2700,,,1,,"",,5.1,1,,1,"",2014-09-23,"489998","",2015-01-14,"489998","OFFSET",12,,1,4,,"11",3,1,"","",0,,,1,2,1,0,
"1429020004","170083045020004","14424020000440","",2012,60,1,20,7007,3,3,2012,9,19,,3,1,,,-14.172514,-169.655176,1100,,,1,,"",,5.1,1,,1,"",2014-09-23,"489998","",2015-01-14,"489998","OFFSET",12,,1,4,,"10",3,1,"","",0,,,1,2,1,0,
"875020004","170083045020004","14424022000440","",2012,60,1,40,6007,2,,2012,9,1,,1,1,,,-11.05923,-171.094892,0,,,1,,"",,5.1,1,,1,"",2014-09-23,"489998","",2015-01-14,"489998","OFFSET",,,2,4,,"1",3,1,"","",,,,,,,,
"1026020004","170083045020004","14424022000440","",2012,60,1,40,6033,2,,2012,9,1,,1,1,,,-11.025235,-171.025425,0,,,1,,"",,5.1,1,,1,"",2014-09-23,"489998","",2015-01-14,"489998","OFFSET",,,2,4,,"1",3,1,"","",,,,,,,,
"1080020004","170083045020004","14424022000440","",2012,60,1,40,6064,2,,2012,9,1,,1,1,,,-11.052946,-171.064015,0,,,1,,"",,5.1,1,,1,"",2014-09-23,"489998","",2015-01-14,"489998","OFFSET",,,2,4,,"2",3,1,"","",,,,,,,,
"1254020004","170083045020004","14424022000440","",2012,60,1,40,6080,2,,2012,9,1,,1,1,,,-11.099765,-171.0538,0,,,1,,"",,5.1,1,,1,"",2014-09-23,"489998","",2015-01-14,"489998","OFFSET",,,2,4,,"1",3,1,"","",,,,,,,,
"952020004","170083045020004","14424022000440","",2012,60,1,40,6128,2,,2012,9,1,,1,1,,,-11.102678,-171.082771,0,,,1,,"",,5.1,1,,1,"",2014-09-23,"489998","",2015-01-14,"489998","OFFSET",,,2,4,,"3",3,1,"","",,,,,,,,
"924020004","170083045020004","14424022000440","",2012,60,1,40,6145,2,,2012,9,1,,1,1,,,-11.072266,-171.059781,0,,,1,,"",,5.1,1,,1,"",2014-09-23,"489998","",2015-01-14,"489998","OFFSET",,,2,4,,"1",3,1,"","",,,,,,,,
"1087020004","170083045020004","14424022000440","",2012,60,1,40,6146,2,,2012,9,1,,1,1,,,-11.050358,-171.10694,0,,,1,,"",,5.1,1,,1,"",2014-09-23,"489998","",2015-01-14,"489998","OFFSET",,,2,4,,"2",3,1,"","",,,,,,,,
"1004020004","170083045020004","14424022000440","",2012,60,1,40,6158,2,,2012,9,1,,1,1,,,-11.078928,-171.108352,0,,,1,,"",,5.1,1,,1,"",2014-09-23,"489998","",2015-01-14,"489998","OFFSET",,,2,4,,"3",3,1,"","",,,,,,,,
"851020004","170083045020004","14424022000440","",2012,60,1,40,6181,2,,2012,9,1,,1,1,,,-11.074643,-171.035027,0,,,1,,"",,5.1,1,,1,"",2014-09-23,"489998","",2015-01-14,"489998","OFFSET",,,2,4,,"1",3,1,"","",,,,,,,,
"946020004","170083045020004","14424022000440","",2012,60,1,40,6184,2,,2012,9,1,,1,1,,,-11.008031,-171.088732,0,,,1,,"",,5.1,1,,1,"",2014-09-23,"489998","",2015-01-14,"489998","OFFSET",,,2,4,,"1",3,1,"","",,,,,,,,
"1147020004","170083045020004","14424022000440","",2012,60,1,40,6206,2,,2012,9,1,,1,1,,,-11.058099,-171.048277,0,,,1,,"",,5.1,1,,1,"",2014-09-23,"489998","",2015-01-14,"489998","OFFSET",,,2,4,,"3",3,1,"","",,,,,,,,
"1186020004","170083045020004","14424022000440","",2012,60,1,40,6209,2,,2012,9,1,,1,1,,,-11.060134,-171.080263,0,,,1,,"",,5.1,1,,1,"",2014-09-23,"489998","",2015-01-14,"489998","OFFSET",,,2,4,,"8",3,1,"","",,,,,,,,
"1140020004","170083045020004","14424022000440","",2012,60,1,40,6212,2,,2012,9,1,,1,1,,,-11.069264,-171.112307,0,,,1,,"",,5.1,1,,1,"",2014-09-23,"489998","",2015-01-14,"489998","OFFSET",,,2,4,,"3",3,1,"","",,,,,,,,
"894020004","170083045020004","14424022000440","",2012,60,1,40,6219,2,,2012,9,1,,1,1,,,-11.075942,-171.017906,0,,,1,,"",,5.1,1,,1,"",2014-09-23,"489998","",2015-01-14,"489998","OFFSET",,,2,4,,"2",3,1,"","",,,,,,,,
"940020004","170083045020004","14424022000440","",2012,60,1,40,6250,2,,2012,9,1,,1,1,,,-11.069628,-171.085611,0,,,1,,"",,5.1,1,,1,"",2014-09-23,"489998","",2015-01-14,"489998","OFFSET",,,2,4,,"2",3,1,"","",,,,,,,,
"939020004","170083045020004","14424022000440","",2012,60,1,40,6321,2,,2012,9,1,,1,1,,,-11.094393,-171.031806,0,,,1,,"",,5.1,1,,1,"",2014-09-23,"489998","",2015-01-14,"489998","OFFSET",,,2,4,,"3",3,1,"","",,,,,,,,
"844020004","170083045020004","14424022000440","",2012,60,1,40,6341,2,,2012,9,1,,1,1,,,-11.088996,-171.130753,0,,,1,,"",,5.1,1,,1,"",2014-09-23,"489998","",2015-01-14,"489998","OFFSET",,,2,4,,"1",3,1,"","",,,,,,,,
"933020004","170083045020004","14424022000440","",2012,60,1,40,6348,2,,2012,9,1,,1,1,,,-11.06938,-171.07361,0,,,1,,"",,5.1,1,,1,"",2014-09-23,"489998","",2015-01-14,"489998","OFFSET",,,2,4,,"1",3,1,"","",,,,,,,,
"1265020004","170083045020004","14424022000440","",2012,60,1,40,6364,2,,2012,9,1,,1,1,,,-11.103112,-171.102282,0,,,1,,"",,5.1,1,,1,"",2014-09-23,"489998","",2015-01-14,"489998","OFFSET",,,2,4,,"1",3,1,"","",,,,,,,,
"1199020004","170083045020004","14424022000440","",2012,60,1,40,6397,2,,2012,9,1,,1,1,,,-11.051039,-171.023164,0,,,1,,"",,5.1,1,,1,"",2014-09-23,"489998","",2015-01-14,"489998","OFFSET",,,2,4,,"2",3,1,"","",,,,,,,,
"886020004","170083045020004","14424022000440","",2012,60,1,40,6403,2,,2012,9,1,,1,1,,,-11.077529,-171.119539,0,,,1,,"",,5.1,1,,1,"",2014-09-23,"489998","",2015-01-14,"489998","OFFSET",,,2,4,,"2",3,1,"","",,,,,,,,
"1299020004","170083045020004","14424024000440","195829175020004",2012,60,1,50,5001,1,,2012,9,6,11.3,2,1,2,2,-14.331554,-170.822392,300,,,1,,"",,5.1,1,,1,"",2014-09-23,"489998","",2015-01-14,"489998","OFFSET",12,,1,4,,"9",3,1,"","",0,,,1,2,1,0,
"1300020004","170083045020004","14424024000440","195829178020004",2012,60,1,50,5002,1,,2012,10,2,11.2,2,1,5,0,-14.309815,-170.801102,300,,,1,,"",,5.1,1,,1,"",2014-09-23,"489998","",2015-01-14,"489998","OFFSET",12,,1,4,,"8",3,1,"","",0,,,1,2,1,0,
"1304020004","170083045020004","14424024000440","195829180020004",2012,60,1,50,5003,1,,2012,9,27,11.3,2,1,6,0,-14.305973,-170.779482,500,,,1,,"",,5.1,1,,1,"",2014-09-23,"489998","",2015-01-14,"489998","OFFSET",12,,1,4,,"9",3,1,"","",0,,,1,2,1,0,
"1301020004","170083045020004","14424024000440","195829176020004",2012,60,1,50,5004,1,,2012,9,12,11.3,2,1,6,1,-14.321439,-170.770747,700,,,1,,"",,5.1,1,,1,"",2014-09-23,"489998","",2015-01-14,"489998","OFFSET",12,,1,4,,"8",3,1,"","",0,,,1,2,1,0,
"1298020004","170083045020004","14424024000440","195829168020004",2012,60,1,50,5005,2,,2012,9,10,11.3,2,1,,,-14.355978,-170.765991,100,,,1,,"",,5.1,1,,1,"",2014-09-23,"489998","",2015-01-14,"489998","OFFSET",12,,1,4,,"7",3,1,"","",0,,,1,2,1,0,
"1303020004","170083045020004","14424024000440","195829179020004",2012,60,1,50,5006,1,,2012,9,10,11.2,2,1,5,0,-14.303469,-170.748958,900,,,1,,"",,5.1,1,,1,"",2014-09-23,"489998","",2015-01-14,"489998","OFFSET",12,,1,4,,"8",3,1,"","",0,,,1,2,1,0,
"1302020004","170083045020004","14424024000440","195829170020004",2012,60,1,50,5007,2,,2012,9,10,11.3,2,1,,,-14.332246,-170.744231,100,,,1,,"",,5.1,1,,1,"",2014-09-23,"489998","",2015-01-14,"489998","OFFSET",12,,1,4,,"9",3,1,"","",0,,,1,2,1,0,
"1306020004","170083045020004","14424024000440","195829209020004",2012,60,1,50,5009,2,,2012,9,1,11.3,2,1,,,-14.318207,-170.726173,100,,,1,,"",,5.1,1,,1,"",2014-09-23,"489998","",2015-01-14,"489998","OFFSET",,,2,4,,"9",3,1,"","",,,,,,,,
"1291020004","170083045020004","14424024000440","195829205020004",2012,60,1,50,5011,1,,2012,9,6,11.3,2,1,5,0,-14.345207,-170.721886,100,,,1,,"",,5.1,1,,1,"",2014-09-23,"489998","",2015-01-14,"489998","OFFSET",12,,1,4,,"7",3,1,"","",0,,,1,2,1,0,
"858020004","170083045020004","14424024000440","",2012,60,1,50,6000,2,,2012,9,1,,1,1,,,-14.397496,-170.791598,0,,,1,,"",,5.1,1,,1,"",2014-09-23,"489998","",2015-01-14,"489998","OFFSET",,,2,4,,"1",3,1,"","",,,,,,,,
"867020004","170083045020004","14424024000440","",2012,60,1,50,6039,2,,2012,9,1,,1,1,,,-14.396511,-170.692362,0,,,1,,"",,5.1,1,,1,"",2014-09-23,"489998","",2015-01-14,"489998","OFFSET",,,2,4,,"1",3,1,"","",,,,,,,,
"1132020004","170083045020004","14424024000440","",2012,60,1,50,6042,2,,2012,9,1,,1,1,,,-14.356351,-170.695613,0,,,1,,"",,5.1,1,,1,"",2014-09-23,"489998","",2015-01-14,"489998","OFFSET",,,2,4,,"3",3,1,"","",,,,,,,,
"983020004","170083045020004","14424024000440","",2012,60,1,50,6047,2,,2012,9,1,,1,1,,,-14.315453,-170.870467,0,,,1,,"",,5.1,1,,1,"",2014-09-23,"489998","",2015-01-14,"489998","OFFSET",,,2,4,,"3",3,1,"","",,,,,,,,
"853020004","170083045020004","14424024000440","",2012,60,1,50,6053,2,,2012,9,1,,1,1,,,-14.336787,-170.794666,0,,,1,,"",,5.1,1,,1,"",2014-09-23,"489998","",2015-01-14,"489998","OFFSET",,,2,4,,"1",3,1,"","",,,,,,,,
"1045020004","170083045020004","14424024000440","",2012,60,1,50,6059,2,,2012,9,1,,1,1,,,-14.399909,-170.751963,0,,,1,,"",,5.1,1,,1,"",2014-09-23,"489998","",2015-01-14,"489998","OFFSET",,,2,4,,"2",3,1,"","",,,,,,,,
"1024020004","170083045020004","14424024000440","",2012,60,1,50,6062,2,,2012,9,1,,1,1,,,-14.311405,-170.873683,0,,,1,,"",,5.1,1,,1,"",2014-09-23,"489998","",2015-01-14,"489998","OFFSET",,,2,4,,"2",3,1,"","",,,,,,,,
"972020004","170083045020004","14424024000440","",2012,60,1,50,6085,2,,2012,9,1,,1,1,,,-14.276035,-170.846956,0,,,1,,"",,5.1,1,,1,"",2014-09-23,"489998","",2015-01-14,"489998","OFFSET",,,2,4,,"3",3,1,"","",,,,,,,,
"973020004","170083045020004","14424024000440","",2012,60,1,50,6102,2,,2012,9,1,,1,1,,,-14.366313,-170.689402,0,,,1,,"",,5.1,1,,1,"",2014-09-23,"489998","",2015-01-14,"489998","OFFSET",,,2,4,,"2",3,1,"","",,,,,,,,
"874020004","170083045020004","14424024000440","",2012,60,1,50,6129,2,,2012,9,1,,1,1,,,-14.345973,-170.817452,0,,,1,,"",,5.1,1,,1,"",2014-09-23,"489998","",2015-01-14,"489998","OFFSET",,,2,4,,"2",3,1,"","",,,,,,,,
"919020004","170083045020004","14424024000440","",2012,60,1,50,6130,2,,2012,9,1,,1,1,,,-14.294607,-170.870997,0,,,1,,"",,5.1,1,,1,"",2014-09-23,"489998","",2015-01-14,"489998","OFFSET",,,2,4,,"1",3,1,"","",,,,,,,,
"883020004","170083045020004","14424024000440","",2012,60,1,50,6153,2,,2012,9,1,,1,1,,,-14.307832,-170.857919,0,,,1,,"",,5.1,1,,1,"",2014-09-23,"489998","",2015-01-14,"489998","OFFSET",,,2,4,,"1",3,1,"","",,,,,,,,
"1176020004","170083045020004","14424024000440","",2012,60,1,50,6157,2,,2012,9,1,,1,1,,,-14.279767,-170.864096,0,,,1,,"",,5.1,1,,1,"",2014-09-23,"489998","",2015-01-14,"489998","OFFSET",,,2,4,,"3",3,1,"","",,,,,,,,
"1236020004","170083045020004","14424024000440","",2012,60,1,50,6159,2,,2012,9,1,,1,1,,,-14.367258,-170.854331,0,,,1,,"",,5.1,1,,1,"",2014-09-23,"489998","",2015-01-14,"489998","OFFSET",,,2,4,,"3",3,1,"","",,,,,,,,
"1070020004","170083045020004","14424024000440","",2012,60,1,50,6163,2,,2012,9,1,,1,1,,,-14.361438,-170.728616,0,,,1,,"",,5.1,1,,1,"",2014-09-23,"489998","",2015-01-14,"489998","OFFSET",,,2,4,,"3",3,1,"","",,,,,,,,
"918020004","170083045020004","14424024000440","",2012,60,1,50,6175,2,,2012,9,1,,1,1,,,-14.285815,-170.787365,0,,,1,,"",,5.1,1,,1,"",2014-09-23,"489998","",2015-01-14,"489998","OFFSET",,,2,4,,"3",3,1,"","",,,,,,,,
"934020004","170083045020004","14424024000440","",2012,60,1,50,6178,2,,2012,9,1,,1,1,,,-14.284963,-170.835963,0,,,1,,"",,5.1,1,,1,"",2014-09-23,"489998","",2015-01-14,"489998","OFFSET",,,2,4,,"2",3,1,"","",,,,,,,,
"1074020004","170083045020004","14424024000440","",2012,60,1,50,6179,2,,2012,9,1,,1,1,,,-14.419414,-170.739132,0,,,1,,"",,5.1,1,,1,"",2014-09-23,"489998","",2015-01-14,"489998","OFFSET",,,2,4,,"2",3,1,"","",,,,,,,,
"833020004","170083045020004","14424024000440","",2012,60,1,50,6203,2,,2012,9,1,,1,1,,,-14.350724,-170.850823,0,,,1,,"",,5.1,1,,1,"",2014-09-23,"489998","",2015-01-14,"489998","OFFSET",,,2,4,,"1",3,1,"","",,,,,,,,
"954020004","170083045020004","14424024000440","",2012,60,1,50,6234,2,,2012,9,1,,1,1,,,-14.393447,-170.774185,0,,,1,,"",,5.1,1,,1,"",2014-09-23,"489998","",2015-01-14,"489998","OFFSET",,,2,4,,"3",3,1,"","",,,,,,,,
"1193020004","170083045020004","14424024000440","",2012,60,1,50,6261,2,,2012,9,1,,1,1,,,-14.353629,-170.86471,0,,,1,,"",,5.1,1,,1,"",2014-09-23,"489998","",2015-01-14,"489998","OFFSET",,,2,4,,"2",3,1,"","",,,,,,,,
"996020004","170083045020004","14424024000440","",2012,60,1,50,6282,2,,2012,9,1,,1,1,,,-14.404202,-170.764644,0,,,1,,"",,5.1,1,,1,"",2014-09-23,"489998","",2015-01-14,"489998","OFFSET",,,2,4,,"1",3,1,"","",,,,,,,,
"860020004","170083045020004","14424024000440","",2012,60,1,50,6283,2,,2012,9,1,,1,1,,,-14.360991,-170.79441,0,,,1,,"",,5.1,1,,1,"",2014-09-23,"489998","",2015-01-14,"489998","OFFSET",,,2,4,,"2",3,1,"","",,,,,,,,
"948020004","170083045020004","14424024000440","",2012,60,1,50,6301,2,,2012,9,1,,1,1,,,-14.319156,-170.877964,0,,,1,,"",,5.1,1,,1,"",2014-09-23,"489998","",2015-01-14,"489998","OFFSET",,,2,4,,"1",3,1,"","",,,,,,,,
"831020004","170083045020004","14424024000440","",2012,60,1,50,6308,2,,2012,9,1,,1,1,,,-14.262905,-170.777169,0,,,1,,"",,5.1,1,,1,"",2014-09-23,"489998","",2015-01-14,"489998","OFFSET",,,2,4,,"1",3,1,"","",,,,,,,,
"896020004","170083045020004","14424024000440","",2012,60,1,50,6320,2,,2012,9,1,,1,1,,,-14.291494,-170.852063,0,,,1,,"",,5.1,1,,1,"",2014-09-23,"489998","",2015-01-14,"489998","OFFSET",,,2,4,,"2",3,1,"","",,,,,,,,
"913020004","170083045020004","14424024000440","",2012,60,1,50,6326,2,,2012,9,1,,1,1,,,-14.39459,-170.714774,0,,,1,,"",,5.1,1,,1,"",2014-09-23,"489998","",2015-01-14,"489998","OFFSET",,,2,4,,"1",3,1,"","",,,,,,,,
"957020004","170083045020004","14424024000440","",2012,60,1,50,6342,2,,2012,9,1,,1,1,,,-14.367081,-170.783336,0,,,1,,"",,5.1,1,,1,"",2014-09-23,"489998","",2015-01-14,"489998","OFFSET",,,2,4,,"3",3,1,"","",,,,,,,,
"1073020004","170083045020004","14424024000440","",2012,60,1,50,6347,2,,2012,9,1,,1,1,,,-14.399949,-170.732348,0,,,1,,"",,5.1,1,,1,"",2014-09-23,"489998","",2015-01-14,"489998","OFFSET",,,2,4,,"3",3,1,"","",,,,,,,,
"899020004","170083045020004","14424024000440","",2012,60,1,50,6357,2,,2012,9,1,,1,1,,,-14.368898,-170.81019,0,,,1,,"",,5.1,1,,1,"",2014-09-23,"489998","",2015-01-14,"489998","OFFSET",,,2,4,,"3",3,1,"","",,,,,,,,
"1077020004","170083045020004","14424024000440","",2012,60,1,50,6405,2,,2012,9,1,,1,1,,,-14.412754,-170.754887,0,,,1,,"",,5.1,1,,1,"",2014-09-23,"489998","",2015-01-14,"489998","OFFSET",,,2,4,,"3",3,1,"","",,,,,,,,
"832020004","170083045020004","14424024000440","",2012,60,1,50,6431,2,,2012,9,1,,1,1,,,-14.352744,-170.713738,0,,,1,,"",,5.1,1,,1,"",2014-09-23,"489998","",2015-01-14,"489998","OFFSET",,,2,4,,"1",3,1,"","",,,,,,,,
"884020004","170083045020004","14424024000440","",2012,60,1,50,6432,2,,2012,9,1,,1,1,,,-14.259725,-170.807239,0,,,1,,"",,5.1,1,,1,"",2014-09-23,"489998","",2015-01-14,"489998","OFFSET",,,2,4,,"1",3,1,"","",,,,,,,,
"967020004","170083045020004","14424024000440","",2012,60,1,50,6450,2,,2012,9,1,,1,1,,,-14.388566,-170.741066,0,,,1,,"",,5.1,1,,1,"",2014-09-23,"489998","",2015-01-14,"489998","OFFSET",,,2,4,,"1",3,1,"","",,,,,,,,
"1423020004","170083045020004","14424024000440","",2012,60,1,50,7001,1,,2012,9,24,,3,1,5,0,-14.359294,-170.751111,100,,,1,,"",,5.1,1,,1,"",2014-09-23,"489998","",2015-01-14,"489998","OFFSET",12,,1,4,,"10",3,1,"","",0,,,1,2,1,0,
"1421020004","170083045020004","14424024000440","",2012,60,1,50,7003,1,,2012,9,11,,1,1,7,4,-14.313557,-170.803711,900,,,1,,"",,5.1,1,,1,"",2014-09-23,"489998","",2015-01-14,"489998","OFFSET",12,,1,4,,"10",3,1,"","",0,,,1,2,1,0,
